xdate,k1,k2,k3
2017-01-01,0.6501999598301339,0.6050127613111392,1.0187470336971998
2017-01-02,0.610771727230864,0.565191992661637,0.6355481727574751
2017-01-03,0.5667426722841036,0.5208659073452692,0.6319411366872331
2017-01-04,0.6039208096279687,0.5592373862643629,0.9314190792596109
2017-01-05,0.5866627904675012,0.5440520225279276,0.9548647365923113
2017-01-06,0.5860906097932433,0.5428971276505828,0.9372093023255814
2017-01-07,0.6404959178078614,0.6009844920117671,0.892406264831514
2017-01-08,0.6572422236109983,0.6212291791676657,0.9325581395348836
2017-01-09,0.6458936550176773,0.6100194902163282,0.7055054579971524
2017-01-10,0.6844039846571802,0.6484039077220005,0.8498813478879924
2017-01-11,0.6329946824982684,0.5914961391761749,0.9094921689606075
2017-01-12,0.5551681532061103,0.5504361227861785,0.997484575225439
2017-01-17,0.6046161971385299,0.6249704470920191,0.8228286663502611
2017-01-18,0.6246496848582179,0.5755956244724796,0.7755576649264357
2017-01-19,0.6292077229701905,0.5810958680371711,0.98875177978168
2017-01-20,0.6580380023720992,0.617543026261466,1.097721879449454
2017-01-21,0.6381038900947973,0.5900804561641527,0.9373042240151874
2017-01-22,0.664426099068,0.6197607336077771,0.9194589463692453
2017-01-23,0.6600738690342873,0.6124988258652764,0.8288087327954438
2017-01-24,0.7298886793220234,0.6923186468053202,0.8719031798766018
2017-01-25,0.70131499840605,0.6578586538392063,0.9715709539629805
2017-01-26,0.7210782945228011,0.6771233690869609,0.8706691979117228
2017-01-27,0.8376074218793074,0.7963900839344595,0.7886568580920741
2017-01-28,0.948585130945089,0.9218165741949804,1.1736592311343141
2017-01-29,0.8364189798032879,0.7947094119479614,1.1393925011865211
2017-01-30,0.8313226970289229,0.793742210592804,1.1709065021357379
2017-01-31,0.7971027534188393,0.7562031700881386,1.0690555291884194
2017-02-01,0.8015080861603664,0.7600316474467044,0.7853345989558614
2017-02-02,0.7994568620828048,0.7631965601507329,0.8776934029425724
2017-02-03,0.7474234393748385,0.7069915080863646,1.0196013170384433
2017-02-04,0.8070983591129626,0.7713991199408656,1.0405790223065972
2017-02-05,0.7112027012156563,0.6658634380916357,0.8263407688656859
2017-02-06,0.7840097882739037,0.7538083553359319,0.9660654959658281
2017-02-07,0.7537257537453548,0.7128037900312727,1.0079259610821074
2017-02-08,0.7298981958405142,0.687797703014405,0.8307071665875653
2017-02-09,0.7666522199143923,0.7311453287249561,0.9634076886568581
2017-02-10,0.7202859908948571,0.6812050730685673,0.8984812529663029
2017-02-11,0.6409614386260007,0.5955849005686424,0.7577123872804936
2017-02-12,0.59811245870389,0.5494853887230304,0.915282392026578
2017-02-13,0.5846836486711485,0.5396342513624584,0.7910299003322259
2017-02-14,0.5967635724032031,0.5485606998666317,0.6926910299003323
2017-02-15,0.5666620491948671,0.5207155172804906,0.6970574276222117
2017-02-16,0.5866327973951792,0.5323538599248453,0.55828191741813
2017-02-17,0.5201399738191488,0.5,0.6852871381110583
2017-02-18,0.5016903849628208,0.5224037507786257,0.5528713811105838
2017-02-19,0.5056770844520311,0.5516839402398612,0.5920740389178928
2017-02-20,0.5100985364650467,0.5539255083562266,0.5768865685809208
2017-02-21,0.5602426094710717,0.5260875512145384,0.8279544375889891
2017-02-22,0.5691397523061418,0.5233233986272664,0.6023255813953489
2017-02-23,0.5775387348031926,0.5330500230962172,0.7714760322733745
2017-02-24,0.6061814238441209,0.5624565738185853,0.8711438063597532
2017-02-25,0.6109191530720905,0.5667047990897957,0.7498338870431893
2017-02-26,0.6091016584311134,0.5611491044397667,0.7779307071665875
2017-02-27,0.6127086728911559,0.570458165432768,0.8943996203132416
2017-02-28,0.616945675528929,0.5702279594118219,1.113953488372093
2017-03-01,0.6081140122220701,0.5633147213725791,0.805078310393925
2017-03-02,0.6483839488036968,0.607551916918815,0.7888467014712862
2017-03-03,0.6278835502126067,0.5851180881272336,0.5813478879924062
2017-03-04,0.6412630668181094,0.5957752826283008,0.8595633602278121
2017-03-05,0.654467343151235,0.6152107200054577,0.9939724727100143
2017-03-06,0.6052348243040173,0.5595524492492343,0.636782154722354
2017-03-07,0.6060011579945632,0.5630944293335569,0.7247745609871856
2017-03-08,0.632846922509623,0.5912064492636853,0.6326056003796867
2017-03-09,0.6025573411339202,0.5587190026332545,0.6275747508305648
2017-03-10,0.642186262672992,0.5982021917965664,0.9412909349786427
2017-03-11,0.614943691415019,0.5657122246622567,0.8169435215946843
2017-03-12,0.6426007391314175,0.597186260699749,0.849406739439962
2017-03-13,0.5869522022299742,0.5425834089344469,0.794921689606075
2017-03-14,0.6309479760938106,0.5900176116007704,1.0486473659231135
2017-03-15,0.5783099871437449,0.536571839149508,0.7993830090175604
2017-03-16,0.5657773203908504,0.5215815624133052,0.7510678690080683
2017-03-17,0.5934632117124498,0.5502716178996776,0.8056478405315615
2017-03-18,0.5224837372790244,0.5582041477075765,0.6336497389653536
2017-03-19,0.5417563178622499,0.5620979901334036,0.5
2017-03-20,0.5171184925642242,0.5419490821249058,0.6856668248694827
2017-03-21,0.5109960297004661,0.5422091981252156,0.5099667774086378
2017-03-22,0.5118619794195397,0.5796983326530774,0.5539155196962506
2017-03-23,0.5273548447907292,0.5633994103029125,0.5960607498813479
2017-03-24,0.6171273180658526,0.574758985218253,0.7541053630754627
2017-03-25,0.6289076585880023,0.5870420727548485,1.0382059800664452
2017-03-26,0.5880236526116822,0.538118420329645,0.6413383958234457
2017-03-27,0.5753585565537223,0.5276966408908738,0.8706691979117228
2017-03-28,0.5880248421764935,0.545506689333278,0.8422876127195065
2017-03-29,0.5951218526704735,0.5584835875709585,0.7375889890840057
2017-03-30,0.586376198909244,0.5503411838067371,0.6488372093023256
2017-03-31,0.6337202769354998,0.5912324944704346,0.6943996203132415
2017-04-01,0.6029732210115051,0.5535181949293847,0.6403891789273849
2017-04-02,0.7088075592486479,0.6531911847561269,0.8073564309444707
2017-04-03,0.7084715940677713,0.6586727765921141,0.7299952539155197
2017-04-04,0.678179232585543,0.5990379908828334,0.8483626008542953
2017-04-05,0.5757752784828029,0.5291160206419185,0.773374466065496
2017-04-06,0.6102687017064253,0.5689628344981702,0.5989084005695301
2017-04-07,0.5997847997060892,0.5523965707032424,0.6625059326056004
2017-04-08,0.625529615305299,0.5784308552691386,0.8118177503559563
2017-04-09,0.6012906150005968,0.5548253282410194,0.7268628381585192
2017-04-10,0.5770688567027105,0.5307614055741111,0.6411485524442335
2017-04-11,0.5870652509847425,0.5433693020439102,0.7385382059800665
2017-04-12,0.5637756169607723,0.519597085692595,0.5867584242999525
2017-04-13,0.5858431134829993,0.5435534668606671,0.7000949216896061
2017-04-14,0.5787851180416523,0.5331572285278695,0.5814428096820123
2017-04-15,0.5861386200943934,0.5376275942076132,0.6568106312292359
2017-04-16,0.6204803537557241,0.5782991169330643,0.7605600379686759
2017-04-17,0.6016121717447696,0.5598925492393035,0.7557190317987661
2017-04-18,0.6205348465168012,0.5784942039332968,0.7826767916468913
2017-04-19,0.6629951461612269,0.6224546481536217,0.7446131941148553
2017-04-20,0.6027121315842596,0.5590606149256511,0.6437114380635975
2017-04-21,0.6191137442759378,0.5794193968904712,0.6233981964878975
2017-04-22,0.6089279953345536,0.5625083281649002,0.8826293308020883
2017-04-23,0.5966084077077545,0.5515952185033215,0.6576649264356905
2017-04-24,0.589814682777081,0.5447157552160568,0.6492168960607498
2017-04-25,0.6042535803595205,0.5608436193696354,0.7351210251542477
2017-04-26,0.5882167630880231,0.5411771358035727,0.6265306122448979
2017-04-27,0.6273502108343237,0.5876863135463137,0.6616516373991457
2017-04-28,0.5990783318671167,0.5551279567400879,0.7535358329378263
2017-04-29,0.6323405956086854,0.5850994363985293,0.8220692928334125
2017-04-30,0.7085471782139304,0.6643309717332211,0.9070242050308496
2017-05-01,0.6681147256936389,0.6270960720299517,0.9609397247271001
2017-05-02,0.614625382583758,0.5699527203882383,0.7485999050783104
2017-05-03,0.6208789782605961,0.5751294992884618,0.6359278595158994
2017-05-04,0.5746313983065703,0.5765863505305072,0.6663028001898434
2017-05-09,0.5,0.502252154232657,0.5007593735168486
2017-05-10,0.6052009283898424,0.5647613225655167,0.7068343616516374
2017-05-11,0.5991491978517208,0.554617638721392,0.6481727574750831
2017-05-12,0.6227216408851661,0.580017764511339,0.7471760797342193
2017-05-13,0.6497104605932129,0.6197832501090959,0.8516848599905078
2017-05-14,0.6070423078883237,0.5601072961697919,0.6552918841955386
2017-05-15,0.5265430002217268,0.5195901963153258,0.6448504983388704
2017-05-16,0.6051023549012616,0.5637818547581483,0.8322259136212624
2017-05-17,0.5797093831682755,0.5412841732016331,1.113953488372093
2017-05-18,0.5751810975424834,0.5424145351745558,0.6065970574276223
2017-05-19,0.6043861967871405,0.5652108124239333,0.710251542477456
2017-05-20,0.6716933910866604,0.6336366115622907,0.9657807308970099
2017-05-21,0.7390530732627438,0.6862311258368283,0.7222116753678216
2017-05-22,0.6355004272609387,0.5975922298578553,0.7308495491219744
2017-05-23,0.6033268692737909,0.5679848789931292,0.7402467963929757
2017-05-24,0.5913504777780138,0.5549725256675513,1.07702895111533
2017-05-25,0.6414720025162103,0.5927407639916111,0.6423825344091125
2017-05-26,0.6363293534459962,0.5818145477098617,1.084717607973422
2017-05-27,0.6231199178767225,0.5948551306788843,0.8104888467014713
2017-05-28,0.7617942778109927,0.7210821329713666,0.794921689606075
2017-05-29,0.7912820390402607,0.7387881686203652,0.8108685334598955
2017-05-30,0.855068201693574,0.8103830813025494,1.145372567631704
2017-05-31,0.6333096364894435,0.5975673608862495,0.6881347887992406
2017-06-01,0.6142496271282367,0.575160753536561,0.7858092074038918
2017-06-02,0.612475290967887,0.568071248259382,0.6498813478879923
2017-06-03,0.6054315703042761,0.5595536254843778,0.7803986710963455
2017-06-04,0.60454247085202,0.5586044037235571,1.1089226388229712
2017-06-05,0.7412351494695537,0.7441775100143819,0.788561936402468
2017-06-06,0.6895082869695993,0.6552134690350218,0.6623160892263882
2017-06-07,0.6804258660736877,0.6399074571795798,0.6659231134314191
2017-06-08,0.5980321697620725,0.5639942492183497,0.6495965828191742
2017-06-09,0.652937054899766,0.6220753963366324,0.7902705268153773
2017-06-10,0.6950832158727188,0.6576151731644977,0.9475557664926435
2017-06-11,0.6583580888676288,0.6161607819342381,0.9345514950166113
2017-06-12,0.6191697741151418,0.5771319556035086,1.0604176554342666
2017-06-13,0.6119633904880019,0.5740986132019624,0.5820123398196488
2017-06-14,0.6271725914323238,0.5857388042158284,0.772140484100617
2017-06-15,0.6005465087963573,0.5568760101969505,0.5459420977693403
2017-06-16,0.6329132307234331,0.5931828603719826,1.0133364973896537
2017-06-17,0.6389436827539179,0.5904637407873483,0.7475557664926435
2017-06-18,0.6275790349867986,0.5835659618385631,0.724015187470337
2017-06-19,0.611430318427654,0.5734397534879992,0.7491694352159468
2017-06-20,0.5926557912552738,0.5603586744233213,0.7450878025628856
2017-06-21,0.6369574971299744,0.5940509219079004,0.6793070716658757
2017-06-22,0.6285828138332273,0.5958502256103022,0.7959658281917419
2017-06-23,0.6174787208574832,0.5765364445537036,0.7281917418130043
2017-06-24,0.5935044321380475,0.5605761098912806,0.6900332225913621
2017-06-25,0.6147272574488376,0.572720065613757,0.8317513051732321
2017-06-26,0.6193701690052152,0.5827348676928702,1.0614617940199336
2017-06-27,0.6977398883415658,0.6603280755062306,0.6914570479354533
2017-06-28,0.6652657447022564,0.6287103707476369,0.6894636924537256
2017-06-29,0.6297647868152165,0.5904590358467742,0.746891314665401
2017-06-30,0.6567918463538842,0.6186404536503701,0.7213573801613669
2017-07-01,0.7218183775921169,0.6891409635483049,0.5934978642619839
2017-07-02,0.7059183201762341,0.6671245301990811,0.9033222591362127
2017-07-03,0.6462635161127289,0.6020061362507102,0.5859041290934979
2017-07-04,0.6611962167508448,0.640994634519376,0.6831988609397247
2017-07-05,0.6745556577794191,0.6399613959625896,0.8299477930707166
2017-07-06,0.6791193496657196,0.646508488805014,0.6614617940199335
2017-07-07,0.6849284490800166,0.6493857279996559,0.6823445657332701
2017-07-08,0.6624471577600987,0.6211295352476505,0.633175118652112
2017-07-09,0.6066110839612621,0.57129614895573,0.6004271476032274
2017-07-10,0.686965237989081,0.6503099127552787,1.0483626008542952
2017-07-11,0.6809164746800395,0.6429382790772469,0.7571428571428571
2017-07-12,0.6785713612645914,0.6533904725961577,1.0214048291409588
2017-07-13,0.656604362920078,0.6138637627325354,0.7469862363550072
2017-07-14,0.6730510721474132,0.633032698832889,0.9298054105363076
2017-07-15,0.6668664044001494,0.6203386011304292,0.9128144280968201
2017-07-16,0.688248364077725,0.64284720487042,0.6225439012814428
2017-07-17,0.676311522270451,0.636796987359337,1.1998576174655908
2017-07-18,0.6406714253981738,0.596906820836367,0.9210726150925487
2017-07-19,0.6162348771394073,0.5694015702067031,0.7780256288561936
2017-07-20,0.6106750784314163,0.5633557215690103,0.778500237304224
2017-07-21,0.6326628473794896,0.5888867455270718,0.7902705268153773
2017-07-22,0.6765834247081727,0.636091246273225,0.6146654010441386
2017-07-23,0.6683100014452544,0.626548786621031,0.6623160892263882
2017-07-24,0.7086322922444772,0.6700856181560968,0.746796392975795
2017-07-25,0.6575818911452765,0.6124119524982479,0.8541528239202658
2017-07-26,0.7415415492868045,0.7097894354256148,0.6694352159468439
2017-07-27,0.6531621633329425,0.6078831111285119,0.6593735168485999
2017-07-28,0.6993824768575847,0.6584892839097249,0.807641196013289
2017-07-29,0.7247144733695667,0.6844703018269789,0.7079734219269103
2017-07-30,0.7432303036102209,0.7065751208455585,0.868391077361177
2017-07-31,0.7071341757065016,0.6690471705579606,0.7239202657807309
2017-08-01,0.8364248207001707,0.818068937797493,0.7015187470336972
2017-08-02,0.7119673107055207,0.6780996442560825,0.8996203132415757
2017-08-03,0.6699145773508972,0.6253720473767352,0.8508305647840532
2017-08-04,0.6836648772983278,0.6450215595500127,0.9459420977693402
2017-08-05,0.6824080285627075,0.6397812639520392,0.7416706217370669
2017-08-06,0.7911640449036925,0.7677121268667062,0.701139060275273
2017-08-07,0.7751198496571854,0.7441719649058482,0.8247271001423826
2017-08-08,0.7485125327402653,0.7130460944708379,0.769577598481253
2017-08-09,0.7006353692877649,0.6823949189330337,1.010109159943047
2017-08-10,0.7622580877943472,0.7404612790952265,0.8754152823920266
2017-08-11,0.7062725966356674,0.6621824942267859,0.7891314665401044
2017-08-12,0.7333731017770133,0.707483006342764,0.6710488846701471
2017-08-13,0.7547707530173813,0.715951899376108,0.865828191741813
2017-08-14,0.6485699887206534,0.6760758476748604,0.7015187470336972
2017-08-15,0.6405308562619835,0.6870136582744529,0.8635500711912671
2017-08-16,0.7257739612736774,0.6782201243414974,0.7953013763644993
2017-08-17,0.7656477059436418,0.6952461280439495,0.9484100616990983
2017-08-18,0.6707153816891785,0.616058113409568,0.694969150450878
2017-08-19,0.6849781301182614,0.6393855448430407,0.788561936402468
2017-08-20,0.6908389555530068,0.645621271439616,0.7074988134788799
2017-08-21,0.6599268040722733,0.6165654068236089,0.5990982439487422
2017-08-22,0.6866466484739882,0.6440758664946227,0.7179401993355482
2017-08-23,0.6494313539371395,0.6034271963376743,0.6752254390128144
2017-08-24,0.7234051501232797,0.6848260289410977,0.8183673469387756
2017-08-25,0.7304185836648398,0.6899903733555183,0.9048410061699098
2017-08-26,0.7865160676724441,0.7527559609496653,0.7667299477930707
2017-08-27,0.7277953927673684,0.6880221958932254,0.9659705742762221
2017-08-28,0.6941504233039649,0.6484734736290602,0.6539629805410536
2017-08-29,0.7369352068239532,0.6944098248569068,0.7523018509729473
2017-08-30,0.7555053694349234,0.7168283625916224,0.8167536782154723
2017-08-31,0.8674918294607274,0.8387750451968354,0.9172757475083056
2017-09-01,0.7777480794977342,0.7483896080633272,1.0782629330802087
2017-09-02,0.6974021053987303,0.653448276151782,0.7951115329852871
2017-09-03,0.7512685806514985,0.7100708916920999,0.979639297579497
2017-09-04,0.6430013016913192,0.5979004034654576,0.5954912197437114
2017-09-05,0.6810799262314773,0.641099991581517,0.896203132415757
2017-09-06,0.671607381541031,0.6350916144348249,0.7876127195064072
2017-09-07,0.6696370746024344,0.6357986997896723,0.7855244423350736
2017-09-08,0.7406752253226216,0.6928555141315411,0.8004271476032274
2017-09-09,0.7713679221445069,0.7340464286896522,0.769672520170859
2017-09-10,0.6695170354836624,0.626668930639262,0.8385856668248695
2017-09-11,0.693087540462078,0.656631672550923,0.6559563360227811
2017-09-12,0.6588669953866404,0.6179723520888508,0.749359278595159
2017-09-13,0.6540502336111484,0.6151796337909504,0.6927859515899383
2017-09-14,0.6134703819814239,0.5676893079049219,0.7475557664926435
2017-09-15,0.6572641303157826,0.6126562733409161,0.6739914570479355
2017-09-16,0.6994586624690979,0.6595490717740364,0.8407688656858092
2017-09-17,0.711326496151417,0.669308294759822,0.9403417180825819
2017-09-18,0.6265754031652342,0.5833943995412011,0.5994779307071666
2017-09-19,0.6500662206671863,0.6078636192318478,0.9195538680588514
2017-09-20,0.6445320978468649,0.6009357622701069,0.7555291884195539
2017-09-21,0.6569276438649324,0.6144228104928913,0.6958234456573327
2017-09-22,0.6683206941626598,0.6238108472741003,0.7833412434741338
2017-09-23,0.7013311978729191,0.6462581187530362,0.7516373991457048
2017-09-24,0.7264727704538084,0.690277542764129,0.7160417655434267
2017-09-25,0.6804646539060757,0.6440538540940797,0.6812055054579972
2017-09-26,0.7037048341120461,0.6641780611645636,0.6605125771238728
2017-09-27,0.7667473984651967,0.737664023890344,0.707688656858092
2017-09-28,0.7270928812338359,0.6895032439725091,0.7132890365448505
2017-09-29,0.656962609050848,0.6129592379071684,0.6117228286663503
2017-09-30,0.778219066967647,0.7440583741977026,0.8700047460844803
2017-10-01,0.8042833542311356,0.7683647693377679,0.9419553868058852
2017-10-02,0.9803705031927319,0.9634048881980095,0.9414807783578547
2017-10-03,0.9263200864687978,0.889333160370756,0.9461319411485525
2017-10-04,1.2163660473769982,1.213705206235189,1.0306122448979593
2017-10-05,0.881811610171271,0.8572945314643741,0.9869482676791648
2017-10-06,0.8708126399735184,0.84583111178922,0.8957285239677266
2017-10-07,0.7965399288723112,0.7624185646200903,0.8685809207403892
2017-10-08,0.7223431226987852,0.6870017278894258,0.9234456573327006
2017-10-09,0.6790457570381772,0.634424857142041,0.7273374466065496
2017-10-10,0.6770992814934979,0.6358102941075157,0.7421452301850973
2017-10-11,0.7345439810646944,0.7020577057600739,0.7753678215472235
2017-10-12,0.7052081232520665,0.6633743564943555,0.7345514950166113
2017-10-13,0.8159412898707874,0.7896317728669774,0.9675842429995254
2017-10-14,0.7808804308662556,0.74799573732384,0.7598006644518273
2017-10-15,0.738418861461638,0.7005376738874622,0.8965828191741814
2017-10-16,0.6864792272512137,0.6439007754918301,0.7977693402942572
2017-10-17,0.6198115376479152,0.579463757758741,1.0710488846701471
2017-10-18,0.6770066424630771,0.634611206395493,0.7957759848125296
2017-10-19,0.6711054520201263,0.6327892181581805,0.7553393450403417
2017-10-20,0.6973125672563572,0.6595418463295835,0.7373042240151875
2017-10-21,0.6904405315365861,0.6501585144889486,0.7084480303749406
2017-10-22,0.6553988793256937,0.6122430787383567,0.7736592311343142
2017-10-23,0.6575621898134572,0.6192062227544033,0.669625059326056
2017-10-24,0.6739345178253413,0.6386855168990543,0.7754627432368296
2017-10-25,0.6915615025657778,0.65445815803929,0.7603701945894636
2017-10-26,0.6772789859753917,0.6364340348007651,0.7637873754152824
2017-10-27,0.7366099878240691,0.6979803706518577,0.849406739439962
2017-10-28,0.8545314272798247,0.8165151311729031,0.6701945894636925
2017-10-29,0.825283343311198,0.7961595418463296,0.7636924537256763
2017-10-30,0.6337040641027339,0.5871116386619082,0.5945420028476507
2017-10-31,0.7017748788157581,0.6605248428423823,1.0644992880873279
2017-11-01,0.7305224500485362,0.6971610388576002,1.162078785002373
2017-11-02,0.6903885782958928,0.6496907089690114,0.9995728523967726
2017-11-03,0.7723201888248352,0.7387701890260285,0.7743236829615567
2017-11-04,0.8097804000538539,0.7787010196782459,0.9484100616990983
2017-11-05,0.7144419663923347,0.670533763745778,1.0694352159468439
2017-11-06,0.7135432969580008,0.6768866097559295,1.0515899383009017
2017-11-07,0.6907693593285946,0.6497651478502371,0.7704318936877077
2017-11-08,0.7087580386011643,0.6662223578440013,0.7335073564309444
2017-11-09,0.5657824261634115,0.5995333539118473,0.5129093497864262
2017-11-10,0.5434812002045998,0.5814445377404288,0.6277645942097769
2017-11-11,0.5983664107422675,0.7644936114468516,0.8327954437588989
2017-11-12,0.7584560248029342,0.7583902953207182,0.8295681063122924
2017-11-13,0.715677830670047,0.6837376753661578,0.9509729473184623
2017-11-14,0.720131400932969,0.6825091817755471,0.7899857617465591
2017-11-15,0.6958809861524364,0.6494043797283603,0.8370669197911722
2017-11-16,0.7834704075102867,0.7497664753156132,0.7355007119126721
2017-11-17,0.737239575024897,0.696516630032543,0.8728523967726626
2017-11-18,0.7365118420441845,0.6939707530811899,1.011343141907926
2017-11-19,0.842148258082154,0.8114185042960309,0.8616516373991456
2017-11-20,0.6556469370036014,0.607926799862414,1.07702895111533
2017-11-21,0.6651111948380586,0.6161868271409874,0.7514475557664926
2017-11-22,0.6966170460868283,0.6573533768282684,0.8147603227337447
2017-11-23,0.6996918305380186,0.6580638228549546,0.7980541053630754
2017-11-24,0.7006200118723914,0.6569657233316827,0.8864261983863313
2017-11-25,0.7513076491677183,0.7158776285284744,0.9781205505457997
2017-11-26,0.7314627408853707,0.6920513053605573,0.8626008542952064
2017-11-27,0.6494485424803685,0.6081096204104355,0.8957285239677266
2017-11-28,0.6379622516868664,0.5923539506629849,0.9448030374940675
2017-11-29,0.6841642539329519,0.647260943229683,0.9053156146179402
2017-11-30,0.6662467747924052,0.6316124789138846,0.9323682961556716
2017-12-01,0.7320443177850485,0.6987926450352543,0.7927384907451352
2017-12-02,0.721376835192759,0.6795912784516578,0.8390602752728998
2017-12-03,0.7373144374126313,0.7009249913168641,0.7539155196962506
2017-12-04,0.6836335743681236,0.6455799351760009,0.8466540104413858
2017-12-05,0.6585979933485149,0.6188375570537057,0.7987185571903179
2017-12-06,0.7081711287086805,0.6724016251536877,0.7594209776934029
2017-12-07,0.700425284122543,0.6607342126979289,0.8431419079259611
2017-12-08,0.7172116475182597,0.6762422009308725,0.797484575225439
2017-12-09,0.8318497811675236,0.7964129365029622,0.7674893213099193
2017-12-10,0.7647792033382877,0.7239817206337353,1.116611295681063
2017-12-11,0.6948153098381273,0.6595337807171707,0.7064546748932131
2017-12-12,0.6386997284063145,0.594044704664999,0.8345989558614144
2017-12-13,0.7199385577745632,0.6818941788290781,0.8599430469862364
2017-12-14,0.7856125063198972,0.7513577534312039,0.8219743711438063
2017-12-15,0.744993906955475,0.7028017585051463,0.7285714285714285
2017-12-16,0.9300476746834825,0.894886334516906,0.8867109634551495
2017-12-17,0.768369416866107,0.7211982441833912,0.9715709539629805
2017-12-18,0.6890407345351529,0.6408775151057998,0.887375415282392
2017-12-19,0.6989555032856916,0.6578811703405252,0.9794494542002847
2017-12-20,0.6895389082390689,0.6446340740870189,0.946891314665401
2017-12-21,0.723758597897114,0.681975002986797,0.9672045562411011
2017-12-22,0.7816719459062911,0.7460036990914928,1.0895586141433318
2017-12-23,0.8087131866614178,0.7756345746590892,1.2283341243474135
2017-12-24,0.7044576147832806,0.6600288076790007,0.8766492643569055
2017-12-25,0.6527969001063751,0.6058070561001991,0.9082581869957285
2017-12-26,0.6896050560621179,0.6483926494713411,0.9803037494067395
2017-12-27,0.6672112980000595,0.6201784651173186,0.8692453725676317
2017-12-28,0.685171801962266,0.6436885490652207,1.4573801613668724
2017-12-29,0.7157497258287013,0.6689164404234379,0.8483626008542953
2017-12-30,0.7992867543147821,0.7612571164326603,0.9630280018984338
2017-12-31,0.8703540025922087,0.8282356422437123,0.9572377788324632
2018-01-01,0.8740691070593227,0.8400030346866703,1.1712861888941624
2018-01-02,0.6883143247782193,0.6444529338749168,0.7241101091599431
2018-01-03,0.559519728310882,0.5707149207612392,1.0105837683910774
2018-01-04,0.6958783664366721,0.8480548683448406,0.7485049833887043
2018-01-05,0.5745207821450118,0.6264609050524508,0.7896060749881348
2018-01-06,0.6191773926762932,0.7182156479266083,1.3516373991457047
2018-01-07,0.6731557672167086,0.8381252592968366,0.8841480778357855
2018-01-08,0.710821505840155,0.6817910062036322,0.9293308020882771
2018-01-09,0.5627272227509696,0.6025304010575362,0.7858092074038918
2018-01-10,0.5381424867948615,0.5687400219552692,0.7553393450403417
2018-01-11,0.5444263829596472,0.5939724502204685,0.6217845277645943
2018-01-12,0.5316641301981626,0.5649569136665249,0.5840056953013764
2018-01-13,0.5724410085119778,0.709156788951993,0.9035121025154248
2018-01-14,0.5833441051322945,0.7448743453201216,0.7554342667299478
2018-01-15,0.5353303288490437,0.5796467463403544,0.5915045087802563
2018-01-16,0.5480370463095041,0.6331323427529044,0.7280968201233982
2018-01-17,0.5534918291666776,0.6482829235358099,0.6661129568106312
2018-01-18,0.5339415854442283,0.5766523877321363,0.8229235880398671
2018-01-19,0.5511552699251537,0.631319932430332,1.083578547698149
2018-01-20,0.5650305543731563,0.704471340274577,0.6776934029425724
2018-01-21,0.5975204430388452,0.8133594603164308,1.0233981964878975
2018-01-22,0.5652102989527406,0.716554635870366,0.6191267204556241
2018-01-23,0.5394658308668464,0.6138441028022794,0.6962031324157569
2018-01-24,0.5765779005830431,0.7346217757084255,0.6640246796392976
2018-01-25,0.563409418121432,0.6935105090728898,0.7387280493592786
2018-01-26,0.5505156583017583,0.6417556586572335,0.5748932130991932
2018-01-27,0.5968082545960608,0.810861809005962,0.7690080683436165
2018-01-28,0.6129264033493227,0.8856903601312746,1.1964404366397723
2018-01-29,0.6127526600573822,0.8649650969024519,0.6771238728049359
2018-01-30,0.5633547115060068,0.7058937446302765,0.782392026578073
2018-01-31,0.5496212124907994,0.6310546073886723,0.7806834361651638
2018-02-01,0.5485308092674904,0.5974344463150317,0.675984812529663
2018-02-02,0.5867747298528386,0.677517743927224,1.271143806359753
2018-02-03,0.7791572727245875,0.795016577354012,0.855671570953963
2018-02-04,0.8471661899697311,0.7974018141914787,0.8804461319411485
2018-02-05,0.8190946123313202,0.7688550913590237,0.8345040341718082
2018-02-06,0.875248714277586,0.8388089879824056,0.8352634076886569
2018-02-07,0.8371265837434848,0.7976908319696008,0.946891314665401
2018-02-08,0.9090474984808656,0.8592701024047119,1.0532985287138112
2018-02-09,0.9065372627768851,0.8661230163844514,0.849406739439962
2018-02-10,0.9524037810143773,0.9122393315892567,0.9913146654010441
2018-02-11,0.9141771425335354,0.8615651052033114,0.9720455624110109
2018-02-12,0.9960974856115119,0.9697029552571914,1.162268628381585
2018-02-13,0.9239460492527682,0.8840891680337599,0.9786900806834362
2018-02-14,1.297850007291765,1.2971061590864754,1.1055054579971524
2018-02-15,1.1866720904584644,1.1543302004590341,0.9008542952064547
2018-02-16,1.5,1.5,1.0981964878974846
2018-02-17,1.3384917162916796,1.3142346632800055,1.1801139060275272
2018-02-18,1.3568482250429938,1.3405082276808122,1.2464641670621737
2018-02-19,1.2952894088888052,1.2823928017097754,1.1686283815851923
2018-02-20,1.3157280971345697,1.3002880431832888,1.2332700522069293
2018-02-21,1.112275410664839,1.0898068134596923,1.3511627906976744
2018-02-22,1.0317143124575359,1.0028783314129894,1.0644992880873279
2018-02-23,0.9814415793293305,0.9469038214367511,0.9878974845752254
2018-02-24,1.156750191536642,1.1513477722358432,0.9701471286188894
2018-02-25,0.9583869177703433,0.9279093042048222,1.5
2018-02-26,0.8884535920760656,0.8525697629264462,1.362173706691979
2018-02-27,0.8981878677568017,0.8683770189866197,0.8488372093023255
2018-02-28,0.937281338105903,0.9121716140517083,0.9325581395348836
2018-03-01,0.9527272223499927,0.9336174053227329,1.2843379212149977
2018-03-02,0.9182705553424512,0.8948974247339734,0.8799715234931182
2018-03-03,0.9219124013294415,0.8955982928459194,0.8878500237304223
2018-03-04,0.780289618131919,0.7459694202387388,0.9832463217845278
2018-03-05,0.740470673638657,0.7076199537201882,0.9031324157570004
2018-03-06,0.8125157308251141,0.7889272080160089,1.0739914570479354
2018-03-07,0.7628327010618149,0.7308433723602553,1.0383958234456574
2018-03-08,0.727861834640146,0.6867495094679368,0.9643569055529189
2018-03-09,0.7594056183039113,0.7197828972385527,1.1008542952064548
2018-03-10,0.9577664594770002,0.9268916927720854,1.1272425249169435
2018-03-11,0.8713628337476116,0.8364928129512227,0.815234931181775
2018-03-12,0.7180957748569224,0.6823433326203108,0.9902705268153773
2018-03-13,0.7096744980440814,0.6673246582070715,0.7875177978168011
2018-03-14,0.7928461430105241,0.761240481107059,0.8482676791646891
2018-03-15,0.8059891233411235,0.7703472296553748,0.7510678690080683
2018-03-16,0.87120475528667,0.8406358491938841,0.9484100616990983
2018-03-17,0.8625160669774175,0.8314392026738849,0.8918367346938776
2018-03-18,0.7682615941769706,0.7284241927372185,0.9170859041290935
2018-03-19,0.7207539175744127,0.6831512381303171,0.8942097769340294
2018-03-20,0.705025972811066,0.6545063836801743,0.8150450878025629
2018-03-21,0.7273119883793686,0.6842498417543648,0.7971998101566208
2018-03-22,0.7200888840153858,0.6703706031280126,0.8542477456098718
2018-03-23,0.7421245964351255,0.7015452033046831,0.9459420977693402
2018-03-24,1.003264533404497,0.9851650703195377,0.9298054105363076
2018-03-25,0.7882157686653044,0.7470577738136787,0.6917418130042715
2018-03-26,0.718630945363061,0.6803534788246588,0.8657332700522069
2018-03-27,0.6812560486530403,0.6286698746519814,0.8439962031324157
2018-03-28,0.6535839108392036,0.6042502248709544,0.8061224489795918
2018-03-29,0.7102546180610129,0.6668368566896945,0.8895586141433318
2018-03-30,0.7177448131398848,0.6775656335009245,1.0147603108685335
2018-03-31,0.8362331403747827,0.8001226141120323,0.9431893687707642
2018-04-01,0.7731484868127452,0.7304718500884949,0.7588514475557665
2018-04-02,0.7031637157818508,0.6567973536725674,0.6591836734693878
2018-04-03,0.7230069934247941,0.6843304978784919,0.8633602278120551
2018-04-04,0.9387313908791415,0.9209449839536321,1.0322259136212626
2018-04-05,1.0959631890906696,1.0697778814358336,0.8573801613668723
2018-04-06,1.0571043436932355,1.036093867597259,0.9312292358803986
2018-04-07,0.9440041970519724,0.920224623945022,0.8334598955861414
2018-04-08,0.7392577318738826,0.6987155176165578,1.0178927384907452
2018-04-09,0.6819649223534292,0.6379868332238035,0.5990982439487422
2018-04-10,0.6853234113291773,0.6385275653226388,0.8881347887992406
2018-04-11,0.6946186440332491,0.6493091046817352,0.8387755102040817
2018-04-12,0.8535790804041157,0.8274599991833567,0.9294257237778832
2018-04-13,0.9364456086793964,0.9189489129150787,1.0554817275747508
2018-04-14,0.8422032854791013,0.8028061105751774,1.0578547698149028
2018-04-15,0.7812668790391823,0.7372041159492276,0.8118177503559563
2018-04-16,0.7009240993895033,0.6495599788344888,0.8476032273374465
2018-04-17,0.7210760624180428,0.6792780638362976,1.201281442809682
2018-04-18,0.7513066868231518,0.7141966204747924,0.7408163265306122
2018-04-19,0.779426595544235,0.7457012386260162,1.4158044613194116
2018-04-20,0.879607293112258,0.8506741759758677,0.8684859990507832
2018-04-21,0.8300825690301452,0.7910533370547173,0.9250593260560038
2018-04-22,0.7859393826909793,0.7498360412226729,0.8286188894162316
2018-04-23,0.7901891764919485,0.7464002583684509,0.9160417655434268
2018-04-24,0.8199279893599977,0.788534849578849,0.8617465590887519
2018-04-25,0.7938250078253983,0.7599204092088457,0.998718557190318
2018-04-26,0.7948606509696952,0.7559050784960524,0.9695775984812529
2018-04-27,0.7445365126025637,0.7035972295293497,0.7216421452301851
2018-04-28,0.8167055785791295,0.7822490489718781,0.8821547223540579
2018-04-29,1.0534483031238895,1.0408740872205244,1.1642619838633128
2018-04-30,1.0514227950316877,1.0307979528803561,1.038016136687233
2018-05-01,1.0225288672294235,1.0021213400813385,0.8458946369245373
2018-05-02,0.8015009621373951,0.7638705428879697,0.8056478405315615
2018-05-03,0.7765150755219279,0.7382707931908083,0.817702895111533
2018-05-04,0.8624155955314974,0.836644211217553,0.8215946843853821
2018-05-05,0.8020601377941088,0.7649301627186894,0.9738490745135263
2018-05-06,0.7522440505285966,0.702706819525705,0.8692453725676317
2018-05-07,0.8079739857412881,0.767803033039941,0.7828666350261035
2018-05-08,0.7558649254235756,0.7132062304839485,0.8159943046986237
2018-05-09,0.732899775275168,0.6908449922040815,0.8409587090650213
2018-05-10,0.8769403021711148,0.8588377519726724,0.8357380161366872
2018-05-11,0.9130201370466877,0.8947614855581009,0.8653535832937826
2018-05-12,1.0151121444850233,0.9942234251933773,0.9524916943521595
2018-05-13,0.8924070505800419,0.8590955155026951,0.9304698623635501
2018-05-14,0.7606567998993067,0.7202493584897545,0.8488372093023255
2018-05-15,0.6962668996894928,0.6500662640469781,0.8205505457997153
2018-05-16,0.7194961064942259,0.6794261014307892,0.9161366872330328
2018-05-17,0.7419390243245554,0.703184707061158,0.8420028476506882
2018-05-18,0.7487785140857238,0.7010718526762122,0.9171808258186995
2018-05-19,0.992519114268219,0.970336105831589,0.9171808258186995
2018-05-20,0.8132325973317633,0.7718886017941619,0.9229710488846701
2018-05-21,0.67513223583371,0.6293220130222673,0.737873754152824
2018-05-22,0.7098084376954804,0.6663910635703005,0.8878500237304223
2018-05-23,0.7038958728743897,0.6599355490354788,1.1225913621262458
2018-05-24,0.6940187291232212,0.6478255360985725,0.8853820598006645
2018-05-25,0.7931645587689592,0.7591282988564809,1.00640721404841
2018-05-26,0.9363896323037793,0.9037833771424912,0.8393450403417181
2018-05-27,0.9498510952222974,0.9313442468910844,0.945562411010916
2018-05-28,0.7693358647628943,0.7296936865242605,0.8981964878974846
2018-05-29,0.7811183438285251,0.7265050810837697,1.0811105837683912
2018-05-30,0.8253625228835848,0.7956060391945075,0.8160892263882298
2018-05-31,0.7617009036562504,0.7201633252906855,0.7502135738016137
2018-06-01,0.7107542352817786,0.6665031419761187,0.8601328903654485
2018-06-02,0.7849139644577015,0.7418949417015854,0.9057902230659706
2018-06-03,0.8312122813558157,0.7935597261119665,0.9179401993355482
2018-06-04,0.7835558824200458,0.7397622593527917,0.9244897959183673
2018-06-05,0.8197366565479254,0.7891142294038286,0.7605600379686759
2018-06-06,0.7939124207901873,0.7527855348618453,0.815234931181775
2018-06-07,0.9248896548319983,0.9033816088241833,1.1803037494067394
2018-06-08,0.8166247817332353,0.7751560149892686,1.1105363075462744
2018-06-09,0.8900537706016753,0.8552233494102273,1.0499762695775985
2018-06-10,0.9860171802296414,0.9623983669823402,0.7804935927859515
2018-06-11,0.8924111405444494,0.8624669414912074,0.846843853820598
2018-06-12,0.9179992142723933,0.8912536162929403,0.8808258186995728
2018-06-13,0.9109510427651624,0.8856985937772792,0.9159468438538205
2018-06-14,0.8291518214435951,0.7921022027355533,0.8619364024679639
2018-06-15,0.8556755213104054,0.8214585114139338,0.8933554817275747
2018-06-16,0.9867383505550462,0.9593732582267986,0.8675367821547224
2018-06-17,1.107706572908287,1.0795655020986556,0.8527289985761747
2018-06-18,1.2404645587408907,1.2235986880609278,0.9411010915994305
2018-06-19,0.927263798975202,0.9009945236172054,1.2383009017560513
2018-06-20,0.8468870699477609,0.8135955475130945,0.7906502135738016
2018-06-21,0.9020009843448326,0.8785986704174005,0.7663502610346464
2018-06-22,0.5210688234483594,0.5821659059505904,0.607546274323683
2018-06-23,,,
2018-06-24,,,
2018-06-25,,,
2018-06-26,0.7911375002327337,0.7555313717875969,1.2121025154247747
2018-06-27,0.7998956243756372,0.7633498067865743,0.7583768391077361
2018-06-28,0.7396926848861394,0.6916888569027612,0.989890840056953
2018-06-29,0.8432526821311607,0.8048428457429782,0.850640721404841
2018-06-30,0.8981933210426785,0.8676647245904223,0.7687233032747982
2018-07-01,0.8596748649379474,0.8247753264850683,0.882249644043664
2018-07-02,0.9353436439553928,0.9180842120509995,1.0642145230185096
2018-07-03,0.8944691010339765,0.8649745067836001,0.8682012339819649
2018-07-04,1.0198091879232654,1.0042711618565092,1.1486948267679165
2018-07-05,0.8146491551677295,0.7719561512981183,0.8271001423825344
2018-07-06,0.673151343104882,0.7882206267619372,0.6718082581869957
2018-07-07,,,
2018-07-08,,,
2018-07-09,0.6182959385169818,0.8813356015627796,0.8292833412434741
2018-07-10,0.8484112633503087,0.8189976594600981,0.8606074988134789
2018-07-11,0.8622720190685368,0.8285780947040684,0.8182724252491694
2018-07-12,0.9499785657796661,0.9229529853772127,0.9345514950166113
2018-07-13,0.8667379795177523,0.830559378786532,1.115187470336972
2018-07-14,0.9508080666982841,0.9224860200252353,1.091172282866635
2018-07-15,0.8648676093892056,0.8341796625246947,0.8607024205030849
2018-07-16,0.7214975426063688,0.6711916152581895,0.6510204081632653
2018-07-17,0.7950973075376694,0.7559934641654082,0.7976744186046512
2018-07-18,0.8093567011266662,0.770013682975391,1.185999050783104
2018-07-19,0.8639897105584315,0.8275176347053892,0.8851922164214523
2018-07-20,0.8112550861748149,0.7739596158147167,0.9359753203607024
2018-07-21,0.8493209596494671,0.8150767636259699,0.8343141907925962
2018-07-22,0.9400703195867446,0.9138712738340947,1.044470811580446
2018-07-23,0.8215157643334172,0.7827044200060123,0.9473659231134315
2018-07-24,0.7803394862927182,0.7520354329074634,0.8393450403417181
2018-07-25,0.706103905652701,0.8156290900426486,0.7858092074038918
2018-07-26,0.8332186093861715,0.7895527970787697,0.8875652586616042
2018-07-27,0.8450313755738531,0.8024777729365433,0.9130042714760322
2018-07-28,0.8241149901780039,0.7892500005461092,0.9674893213099194
2018-07-29,0.8230709933482343,0.7786622039185098,0.8059326056003797
2018-07-30,0.8125103711005146,0.77353969986848,0.8535832937826293
2018-07-31,0.864848643181708,0.8314887725835047,0.8503559563360228
2018-08-01,0.8335930148861205,0.8071267583245102,0.9883720930232558
2018-08-02,0.8601838115546494,0.8396059713089363,0.8824394874228761
2018-08-03,1.0784288032829636,1.1472954741328247,0.8700996677740864
2018-08-04,1.1258742883679127,1.1287613689427882,1.0340294257237779
2018-08-05,1.078414007235254,1.0559967744271694,1.2309919316563835
2018-08-06,0.9083216233598024,0.8758607310704698,0.9166112956810631
2018-08-07,1.0235662880379888,1.0089235079163146,0.8400094921689606
2018-08-08,0.8310064331798657,0.8112766839444407,0.98875177978168
2018-08-09,0.8029571632231416,0.7781513817990382,0.7517323208353108
2018-08-10,0.8724387750706297,0.8380647672037412,0.9534409112482203
2018-08-11,0.9472783472191857,0.9160142062319963,0.8660180351210252
2018-08-12,0.8417126902386464,0.8643951269586205,0.8612719506407214
2018-08-13,0.8872931248219579,0.9553266732659059,0.7834361651637399
2018-08-14,0.9212214379307069,0.8931142522563971,0.8054579971523493
2018-08-15,0.9322457498687101,0.9078951591370534,0.8208353108685335
2018-08-16,0.9591026348098715,0.932624662861602,0.8728523967726626
2018-08-17,0.8769256531482694,0.8425715961729341,0.9268628381585192
2018-08-18,0.8575781166160323,0.8193372553493914,0.8181775035595633
2018-08-19,0.8804044485607248,0.8436653268228158,0.7704318936877077
2018-08-20,0.8824215896015568,0.8421631065109488,1.1167062173706692
2018-08-21,0.9499543735065364,0.9158624718984822,0.848077835785477
2018-08-22,1.0109316261269439,0.987818488769727,0.8524442335073564
2018-08-23,1.1811972320243624,1.1725887305583034,0.8851922164214523
2018-08-24,0.8813301705700944,0.848607698862295,0.9582819174181301
2018-08-25,0.943600039065843,0.918641747509028,0.9677740863787375
2018-08-26,1.1955717059844346,1.1741517790304496,0.916516373991457
2018-08-27,0.8424333125622843,0.8152323627320985,0.873421926910299
2018-08-28,0.9713391400224309,0.955101172185534,0.8234931181775036
2018-08-29,0.9509472591471084,0.9285313645621524,0.980968201233982
2018-08-30,0.9644016381403455,0.9303457912878279,0.8309919316563834
2018-08-31,0.9441514224047475,0.9126377392357261,0.8194114855244423
2018-09-01,1.015642356243465,0.9943464257826711,0.8371618414807784
2018-09-02,0.8888688838541932,0.853307934495801,0.8718082581869957
2018-09-03,0.7969550736255745,0.7589232978743247,0.7556241101091599
2018-09-04,0.7800078650282876,0.7361026557541172,0.877313716184148
2018-09-05,0.8374105689518746,0.809139128621481,0.9831514000949217
2018-09-06,0.8996068715518744,0.876070941093976,0.8777883246321785
2018-09-07,0.8741309376977192,0.8460767769006238,0.9339819648789749
2018-09-08,0.844023600324294,0.8107697265975835,0.8155196962505933
2018-09-09,0.8914400413155907,0.8627257132227818,1.0006169909824396
2018-09-10,0.8587845090913961,0.8735576626594576,0.8474133839582345
2018-09-11,0.8757360749710257,0.8489484709867319,1.0511153298528715
2018-09-12,0.8953738252195412,0.8672868170421686,0.9512577123872805
2018-09-13,0.9086343185144254,0.878847360133459,1.0470336971998102
2018-09-14,0.8947282791379858,0.8635048849885678,0.9427147603227337
2018-09-15,0.9799777062188457,0.9567205119109772,0.8919316563834836
2018-09-16,1.1140289628557318,1.1020326015414392,0.9562885619364025
2018-09-17,0.8905861743671852,0.8565294745203103,0.9129093497864262
2018-09-18,0.9942557452338181,0.9739148852725446,0.9852396772662553
