ds,tag,bytes,avgspeed,maxspeed
2018-02-01,7920371673946165304,,0.5164291253288917,0.4409804937746347
2018-02-02,7920371673946165304,-0.2264027983060657,0.28118361817172377,0.2234434896397303
2018-02-03,7920371673946165304,0.051903712985378936,0.3160799984008014,0.2924787406736582
2018-02-04,7920371673946165304,-0.07257982942671881,0.23337427508026168,0.14176174487839602
2018-02-05,7920371673946165304,-0.07685720232680743,0.17151518031718443,0.11961215617897454
2018-02-06,7920371673946165304,4.122067229384019e-06,0.18029238555169333,0.18712436794210852
2018-02-07,7920371673946165304,-0.0679266079176371,0.12569795212059767,0.12311959434462462
2018-02-08,7920371673946165304,0.045178070753728955,0.14023774123759866,0.13111003170961252
2018-02-09,7920371673946165304,-0.04440067026623239,0.11217161739324595,0.12367001174048858
2018-02-10,7920371673946165304,0.05848365947551608,0.16781033881888624,0.09096368380484672
2018-02-11,7920371673946165304,0.013086814734502905,0.1867625393764936,0.21769295615087972
2018-02-12,7920371673946165304,-0.11828299066064626,0.0662154965360755,0.1186968542070286
2018-02-13,7920371673946165304,0.001339482612931181,0.06746081586284307,0.0841835869705402
2018-02-14,7920371673946165304,0.015856950872478723,0.08265405110193835,0.13317303102601213
2018-02-15,7920371673946165304,0.04077548903308793,0.12668641903227365,0.09677640636097531
2018-02-16,7920371673946165304,-0.05703227219913801,0.0681030411929418,0.07040901131442409
2018-02-17,7920371673946165304,0.017595410100354814,0.08695086009727955,0.09213683703931398
2018-02-18,7920371673946165304,0.030387558735549866,0.11869136900451396,0.09380286070718633
2018-02-19,7920371673946165304,-0.02119794876061451,0.09661903393318368,0.15374139015700203
2018-02-20,7920371673946165304,-0.050978740845534554,0.043287552501991455,0.06797294066643268
2018-02-21,7920371673946165304,0.03193405798233054,0.07745429837424868,0.16110148519097922
2018-02-22,7920371673946165304,-0.05187445535849734,0.023061462029594228,0.057389231810366384
2018-02-23,7920371673946165304,0.004972990257325435,0.03042399884133536,0.0358496888477872
2018-02-24,7920371673946165304,0.013805667057519816,0.041870998231829486,0.03978089567999671
2018-02-25,7920371673946165304,-0.007336415762001808,0.034389747326622734,0.0679191780285546
2018-02-26,7920371673946165304,0.03092285153783303,0.06651459193279745,0.08055054707205293
2018-02-27,7920371673946165304,-0.02936455379922215,0.03671094259178796,0.04751484413931239
2018-02-28,7920371673946165304,0.027806206694536664,0.06459762805658145,0.07004724249891364
2018-03-01,7920371673946165304,-0.0016817129251194413,0.0643242744767905,0.20192453340287073
2018-03-02,7920371673946165304,-0.04164485028989158,0.021040210792478337,0.033008594554326656
2018-03-03,7920371673946165304,-0.001302219454284704,0.01920999589639607,0.07648294056753566
2018-03-04,7920371673946165304,0.03278591896568728,0.05173426298066478,0.06884759899238069
2018-03-05,7920371673946165304,-0.015350191661316348,0.03751327636565525,0.18025152992674154
2018-03-06,7920371673946165304,-0.0036765630891275325,0.033416272901730756,0.13374094461585473
2018-03-07,7920371673946165304,0.018326085598239235,0.05286435703164603,0.1215233410076072
2018-03-08,7920371673946165304,-0.013816906067171196,0.03817850903396336,0.058182022581216145
2018-03-09,7920371673946165304,-0.0010353711380158767,0.037395033734038186,0.06786253930399509
2018-03-10,7920371673946165304,0.012285611571368392,0.04954243684674246,0.10127362200632174
2018-03-11,7920371673946165304,0.001572186060932644,0.05144044795664663,0.22957374225701963
2018-03-12,7920371673946165304,-0.003193581870565808,0.048580937552803724,0.09348249240258998
2018-03-13,7920371673946165304,-0.023105873494925058,0.024919681759480533,0.16277649032252337
2018-03-14,7920371673946165304,-0.009091536040056556,0.014624275080261664,0.037568541686807684
2018-03-15,7920371673946165304,0.0034758735405064044,0.019463453786178097,0.05894315116973978
2018-03-16,7920371673946165304,-0.0032016449960843643,0.01581386761653028,0.027955776988440553
2018-03-17,7920371673946165304,0.008403488147592186,0.025455922466024572,0.120672650070671
2018-03-18,7920371673946165304,0.014413758364484833,0.03753317205566418,0.12529342391358098
2018-03-19,7920371673946165304,-0.02027856321487938,0.017707352692688343,0.08310159811522472
2018-03-20,7920371673946165304,0.0010066976763503897,0.01872335297631979,0.04892511053759812
2018-03-21,7920371673946165304,0.00594693354317645,0.025039904530861516,0.07613979062896283
2018-03-22,7920371673946165304,-0.0023854921400241064,0.022689007169237455,0.055514527870692755
2018-03-23,7920371673946165304,0.002252730310057287,0.027431159026721705,0.05336115888330334
2018-03-24,7920371673946165304,0.012683131887112495,0.03791845067830159,0.06865625092715952
2018-03-25,7920371673946165304,-0.020376242221161366,0.01589213028339006,0.02958070289136526
2018-03-26,7920371673946165304,-0.016263291260218634,0.0,0.0
2018-03-27,7920371673946165304,-6.100001285163498e-05,0.00012050564849011515,0.01674853758560899
2018-03-28,7920371673946165304,0.007147541160569097,0.007415906292997321,0.018539784553860426
2018-03-29,7920371673946165304,0.054528811596169915,0.06258231723875733,0.13261389706919702
2018-03-30,7920371673946165304,-0.028209683849949582,0.03386406736548628,0.04356856308085598
2018-03-31,7920371673946165304,-0.007559591557604807,0.025163050365703526,0.021913169328442842
2018-04-01,7920371673946165304,0.010057597209329222,0.03660363787505733,0.051780320361745104
2018-04-02,7920371673946165304,0.05842168036885146,0.09665288489390977,0.047750822005756616
2018-04-03,7920371673946165304,0.07340232582336564,0.16898710759287422,0.14421167876876848
2018-04-04,7920371673946165304,-0.07025119054927968,0.09918265488087478,0.23098395819764428
2018-04-05,7920371673946165304,-0.08167497741790056,0.0167565084365269,0.05060202044584793
2018-04-06,7920371673946165304,-0.002410092900534816,0.014023161223356747,0.016917759966447673
2018-04-07,7920371673946165304,-2.100526474375572e-05,0.013854377881574818,0.01853381793543801
2018-04-08,7920371673946165304,0.064531094118906,0.07975616370362323,0.07809223720994161
2018-04-09,7920371673946165304,-0.024863675996366595,0.054293357894609796,0.055044085867636636
2018-04-10,7920371673946165304,-0.04053414652203087,0.013299938747676637,0.022647265225044195
2018-04-11,7920371673946165304,-0.006906157511116541,0.009427539708402733,0.022360615252462888
2018-04-12,7920371673946165304,-0.0017428939469112947,0.0073626311041108455,0.009460117659192408
2018-04-13,7920371673946165304,-0.0004345448716966682,0.003442803002872523,0.012874789414951493
2018-04-14,7920371673946165304,0.020201979977811268,0.025021988980616507,0.03660707095497582
2018-04-15,7920371673946165304,0.02990699645464371,0.05479744490308253,0.11031813252563401
2018-04-16,7920371673946165304,0.0030228657569080566,0.05756992344968257,0.07356203486866578
2018-04-17,7920371673946165304,-0.039486631329662555,0.017196382341226737,0.022155782377318755
2018-04-18,7920371673946165304,-0.009257340229291266,0.01521520536123784,0.04628110386830631
2018-04-19,7920371673946165304,0.015306576734404217,0.024226821426847227,0.07935692064160348
2018-04-20,7920371673946165304,-0.03043448941713953,0.009092236041711927,0.0171928677490575
2018-04-21,7920371673946165304,0.021778000137204778,0.033642668881405845,0.1773530905014664
2018-04-22,7920371673946165304,0.03497811824060165,0.0940487182272431,0.08298859818324164
2018-04-23,7920371673946165304,0.017293297951460937,0.06921701124870254,0.12581302429294183
2018-04-24,7920371673946165304,-0.04516688933783128,0.022000955747459385,0.02400851200559313
2018-04-25,7920371673946165304,0.018574783654412206,0.03995742888092307,0.03688283468717966
2018-04-26,7920371673946165304,-0.01540006785202401,0.02631153142877833,0.031647158557548676
2018-04-27,7920371673946165304,0.023575114489388836,0.05040153462717551,0.10095774443356129
2018-04-29,7920371673946165304,-0.01972012595128631,0.03117107728655225,0.04183676785176912
2018-04-30,7920371673946165304,0.10932598540156316,0.14258948723055012,0.09559920389920658
2018-05-01,7920371673946165304,-0.07590562187275174,0.06429513813454993,0.05617535924340957
2018-05-02,7920371673946165304,0.0035954134901586,0.06759989710816618,0.1082513867278994
2018-05-03,7920371673946165304,-0.007750259793081443,0.06027281422743621,0.0484464313213711
2018-05-04,7920371673946165304,-0.0046754691533696865,0.054952461558886716,0.13891155559152626
2018-05-05,7920371673946165304,0.03134330239523043,0.08701233872233084,0.11469170167251
2018-05-06,7920371673946165304,0.009016713526315959,0.09654312857556666,0.13120596433773613
2018-05-07,7920371673946165304,-0.03494460690362504,0.05898176310135902,0.05782476972637214
2018-05-08,7920371673946165304,-0.04556491976967961,0.01459221567456007,0.007210336695899144
2018-05-09,7920371673946165304,0.005502786969969413,0.019163509758128756,0.015356208885836312
2018-05-10,7920371673946165304,0.02799161744306804,0.04765489218987617,0.03742621323932331
2018-05-11,7920371673946165304,-0.011491591172088672,0.03577490223767108,0.037531947268111224
2018-05-12,7920371673946165304,0.020676980347645445,0.05744894633934391,0.060760396447861395
2018-05-13,7920371673946165304,0.021229987343032136,0.09216683111255944,0.059927693667099324
2018-05-14,7920371673946165304,-0.0336793132731437,0.04293565337823159,0.06433423689548946
2018-05-15,7920371673946165304,-0.028861291351677514,0.014373645961570956,0.020110607229694776
2018-05-16,7920371673946165304,0.041838381757695206,0.05744460889033722,0.14832174539508247
2018-05-17,7920371673946165304,-0.04547890761236224,0.021456794481859658,0.039497878659012976
2018-05-18,7920371673946165304,0.04117116634871349,0.053547128080720305,0.03883205197784949
2018-05-19,7920371673946165304,0.00035622559433833023,0.053642457666497695,0.09640680399358259
2018-05-20,7920371673946165304,0.025003908558956726,0.0760938480640645,0.08404499238997555
2018-05-21,7920371673946165304,1.5871192985003613e-05,0.07832461694667729,0.061263421485558314
2018-05-22,7920371673946165304,0.01483371556113619,0.09419326843000941,0.0639791915633176
2018-05-23,7920371673946165304,-0.06680608030093033,0.02497965170661646,0.019986430925783037
2018-05-24,7920371673946165304,-0.0016360986721858824,0.02436543121032177,0.06093413478936651
2018-05-25,7920371673946165304,-0.004432382374343305,0.01869214220194559,0.02584599080580683
2018-05-26,7920371673946165304,-0.010096028698407988,0.016736895623627103,0.02861943399017771
2018-05-27,7920371673946165304,0.059169074510668246,0.07001067012455645,0.14031260085225009
2018-05-28,7920371673946165304,0.041774395097330067,0.11235181011176286,0.16598326390022786
2018-05-29,7920371673946165304,0.08189106095411885,0.19661298036304825,0.1532568704665053
2018-05-30,7920371673946165304,-0.10466636275814116,0.08976718459579501,0.05296389310322487
2018-05-31,7920371673946165304,-0.07494949151215347,0.013132475499070654,0.007464126116703726
2018-06-01,7920371673946165304,-0.004856190124813727,0.007085694414270886,0.01746041949692097
2018-06-02,7920371673946165304,0.07630732184947893,0.08735047116011296,0.12658739801749833
2018-06-03,7920371673946165304,-0.03733281417775233,0.04793908939218384,0.03701731696836648
2018-06-04,7920371673946165304,0.0244691834665315,0.07339067440920173,0.12318219968760653
2018-06-05,7920371673946165304,-0.03325270811177907,0.03931982387694016,0.07932968611903689
2018-06-06,7920371673946165304,-0.019880886573232375,0.02376997489559949,0.020900799430999047
2018-06-07,7920371673946165304,0.050316182302923756,0.06966857740724648,0.08174093159777816
2018-06-08,7920371673946165304,-0.02110297666075661,0.048211877217756535,0.11045525121961212
2018-06-09,7920371673946165304,0.015208840134368531,0.06470351838776643,0.04661753032354058
2018-06-10,7920371673946165304,0.00900243850307647,0.07375577446472108,0.08021713546206805
2018-06-11,7920371673946165304,-0.04165613866561756,0.030964011242667826,0.19003668322417996
2018-06-12,7920371673946165304,-0.020654856118544007,0.0094762888635431,0.02672434515542877
2018-06-13,7920371673946165304,0.005246552359740329,0.014675570129384218,0.08015329390638974
2018-06-14,7920371673946165304,0.021711273659699146,0.037815294825838223,0.030425477667540123
2018-06-15,7920371673946165304,0.018899077626161213,0.05570368886837087,0.16182619596262016
2018-06-16,7920371673946165304,0.00830543066807158,0.0640317795459483,0.05649909559688285
2018-06-17,7920371673946165304,0.05405123596277725,0.11955687866608733,0.13444967292334936
2018-06-18,7920371673946165304,-0.05585171543571345,0.06172001351775412,0.103736283841701
2018-06-19,7920371673946165304,-0.028922258453812744,0.033871327877953994,0.17385245150564652
2018-06-20,7920371673946165304,0.002131092302234447,0.03576820747942163,0.05050780337820096
2018-06-21,7920371673946165304,0.004775764561605646,0.04002183056943539,0.10061400161747078
2018-06-22,7920371673946165304,0.051002222641687585,0.09013068168102928,0.06323618988953607
2018-06-23,7920371673946165304,0.009847075584182907,0.10239915619644194,0.13269729096854288
2018-06-24,7920371673946165304,-0.017451927604519954,0.08453084642865764,0.05605091803677718
2018-06-25,7920371673946165304,-0.005081817768788688,0.07965395077485697,0.13472333004820322
2018-06-26,7920371673946165304,-0.010410795017758545,0.06758207585029087,0.05732932595225212
2018-06-27,7920371673946165304,-0.048235690227157825,0.03143962195548797,0.05936859755353003
2018-06-28,7920371673946165304,0.07202042952467103,0.09853467771622372,0.18885169766819002
2018-06-29,7920371673946165304,-0.046420252833616796,0.04530352336640355,0.04115257458197342
2018-06-30,7920371673946165304,0.10487270472230438,0.150459694160813,0.3466353771982637
2018-07-01,7920371673946165304,0.005449858310315442,0.15780356108335145,0.2943646588285063
2018-07-02,7920371673946165304,-0.010177145386660508,0.1470751638424216,0.2012700849242802
2018-07-03,7920371673946165304,-0.09478362841273638,0.052182151736790014,0.10531814413089606
2018-07-04,7920371673946165304,0.03346303227262697,0.08397650158712917,0.0863547170546289
2018-07-05,7920371673946165304,0.06755813130911804,0.15303859047239723,0.1813189491324209
2018-07-06,7920371673946165304,-0.003057084674287336,0.15104883288676468,0.16466204265932866
2018-07-07,7920371673946165304,-0.045928533819850265,0.11237821197528182,0.10604682844334684
2018-07-08,7920371673946165304,0.03314309074312216,0.1365636390518261,0.10987815433545343
2018-07-09,7920371673946165304,-0.02278574272880092,0.11477757561493712,0.11666975551648563
2018-07-10,7920371673946165304,-0.02410575042530108,0.09081430136143095,0.08856560777564668
2018-07-11,7920371673946165304,0.04419077394469771,0.13358758327902093,0.21587817068373563
2018-07-12,7920371673946165304,0.06661385703410369,0.203709801276945,0.1729087544849292
2018-07-13,7920371673946165304,-0.07744052009200059,0.12458021037004852,0.18835842357349633
2018-07-14,7920371673946165304,0.06815160203032133,0.19325626629372147,0.15838516007894807
2018-07-15,7920371673946165304,-0.09589814982369976,0.09504491711323533,0.06634421782451189
2018-07-16,7920371673946165304,0.157991423763502,0.259637905985227,0.39479170219726967
2018-07-17,7920371673946165304,-0.10287133000876955,0.14959267582132427,0.10741216229444306
2018-07-18,7920371673946165304,0.07059050003538725,0.2230583126644459,0.17294189255384185
2018-07-19,7920371673946165304,-0.0926490804852797,0.12424254939411494,0.04467438056661532
2018-07-20,7920371673946165304,0.056853204991193174,0.17971116738479737,0.09622540870200896
2018-07-21,7920371673946165304,-0.07280319445894116,0.11228014791078282,0.08860919058040237
2018-07-22,7920371673946165304,0.07497571312544697,0.1892814657409419,0.2996473741126768
2018-07-23,7920371673946165304,-0.024034720871625836,0.16398206860863687,0.1968936396907228
2018-07-24,7920371673946165304,-0.04464098431740186,0.12068885856446279,0.20991746842208198
2018-07-25,7920371673946165304,-0.015757042165160495,0.10380797849228764,0.19656873019662946
2018-07-26,7920371673946165304,0.013245033003606896,0.11375752075940812,0.13141878213774577
2018-07-27,7920371673946165304,0.024223718888245066,0.14257194884978397,0.12048748306893182
2018-07-28,7920371673946165304,-0.03752799118137608,0.10305731693702175,0.07925148935878203
2018-07-29,7920371673946165304,0.04308785356126617,0.14891377075940812,0.19645359842846588
2018-07-30,7920371673946165304,0.06470792339813547,0.21448996502884593,0.2022310006218402
2018-07-31,7920371673946165304,-0.09572540147330418,0.11510307287517803,0.2137038365381685
2018-08-01,7920371673946165304,0.07295910075021787,0.18770838613706037,0.24069193650246465
2018-08-02,7920371673946165304,-0.0306647739274854,0.16183276833345403,0.3294679779536351
2018-08-03,7920371673946165304,0.027621273151393122,0.18560038591981076,0.2631765388426102
2018-08-04,7920371673946165304,0.13659945810201693,0.3251267855203128,0.28096827595658136
2018-08-05,7920371673946165304,-0.14829940701964847,0.17194581356965263,0.09798834892239591
2018-08-06,7920371673946165304,0.07242272189429347,0.2468123521495643,0.29850136709986924
2018-08-07,7920371673946165304,0.0374968000499058,0.2872007914524344,0.24981227227196115
2018-08-08,7920371673946165304,0.008395079459551369,0.2899692154271369,0.4631713063831565
2018-08-09,7920371673946165304,-0.0504454226862355,0.24201032463731384,0.19835822376115847
2018-08-10,7920371673946165304,-0.07386875295157705,0.1677227412074251,0.645513763941704
2018-08-11,7920371673946165304,0.019251592537225193,0.1883871969066068,0.24247488318546884
2018-08-12,7920371673946165304,0.08056015158281049,0.27172194462548577,0.3174706472648214
2018-08-13,7920371673946165304,-0.10491765253323082,0.16167577153788593,0.13475634197296318
2018-08-14,7920371673946165304,-0.017382930287582588,0.14287245863205156,0.0655008558628472
2018-08-15,7920371673946165304,0.025483968951437758,0.17242142428247278,0.15224067840123487
2018-08-16,7920371673946165304,0.016808226902407686,0.1866940831160837,0.10156945527321916
2018-08-17,7920371673946165304,0.09718012918739702,0.28774985592125907,0.21756497029355662
2018-08-18,7920371673946165304,-0.06978631845241828,0.2126833232251913,0.2257217539527018
2018-08-19,7920371673946165304,-0.02844181958809311,0.1886885553202018,0.18479843375383403
2018-08-20,7920371673946165304,-0.10513578476154516,0.08116706043160257,0.051583459797051215
2018-08-21,7920371673946165304,0.022918767844498977,0.1032174253807903,0.18370955742778147
2018-08-22,7920371673946165304,0.0222665926329131,0.12612556801723512,0.07260549637320424
2018-08-23,7920371673946165304,-0.05842471638243958,0.06797782092596616,0.07406469408831988
2018-08-24,7920371673946165304,0.005300723398938487,0.07339557761242668,0.1474157654760206
2018-08-25,7920371673946165304,0.043651828052893915,0.11828430884447341,0.07968741832166112
2018-08-26,7920371673946165304,0.03161179624731936,0.1529756974618003,0.33820800171717513
2018-08-27,7920371673946165304,-0.02537375096220651,0.12461707868660535,0.3634653912920976
2018-08-28,7920371673946165304,-0.05598043747524188,0.0655048149455669,0.04712982695646049
2018-08-29,7920371673946165304,-0.0342081144366165,0.030881411126801362,0.042741713388778906
2018-08-30,7920371673946165304,0.02539958587458229,0.05819197021266324,0.059124521232482866
2018-08-31,7920371673946165304,-0.014332904961963516,0.04296139519516257,0.030724779898636614
2018-09-01,7920371673946165304,0.16714771986575916,0.2139966273505202,0.24375899281664554
2018-09-02,7920371673946165304,-0.10250025345365471,0.10774817374538345,0.1103306964832423
2018-09-03,7920371673946165304,0.08118670580167717,0.19025588308953098,0.4535550348773445
2018-09-04,7920371673946165304,-0.07222831829250514,0.11643514118207932,0.13599956828425183
2018-09-05,7920371673946165304,0.0016360739891485704,0.12005577959422599,0.09201042798389956
2018-09-06,7920371673946165304,-0.010161652666914142,0.10932700518381731,0.1299494298183383
2018-09-07,7920371673946165304,0.02920461594518614,0.137753797342313,0.09801427154577448
2018-09-08,7920371673946165304,0.00531430729713353,0.14115520599488257,0.10464515246185956
2018-09-09,7920371673946165304,0.009944639402957478,0.15393474515412653,0.13368899845377544
2018-09-10,7920371673946165304,-0.041976113105838764,0.11002920046105197,0.07059926192551683
2018-09-11,7920371673946165304,-0.056145023967969714,0.053949473622275326,0.027207666476474924
2018-09-12,7920371673946165304,0.050368164779481174,0.10465868425181644,0.2594474780150925
2018-09-13,7920371673946165304,-0.016571672900587142,0.08832064535206507,0.1088589600393489
2018-09-14,7920371673946165304,0.056927533844187736,0.1369177069000893,0.2581688051968969
2018-09-15,7920371673946165304,0.04342782948938084,0.19383889884616312,0.23139959056635495
2018-09-16,7920371673946165304,0.04461412094513853,0.2373218251381949,0.4558658065384652
2018-09-17,7920371673946165304,-0.07911263954328879,0.15562106989403046,0.12478116512390686
2018-09-18,7920371673946165304,-0.035294883885973655,0.11870749299973447,0.07704430727585344
2018-09-19,7920371673946165304,0.0318917841671118,0.15813462159340527,0.28305679423507096
2018-09-20,7920371673946165304,-0.010943018895737178,0.1361089612450817,0.30344383376097883
2018-09-21,7920371673946165304,0.03860878733570619,0.17907893704588795,0.3268679955936334
2018-09-22,7920371673946165304,-0.04051597157889769,0.13811833164361406,0.1934007459458783
2018-09-23,7920371673946165304,0.024825014132273004,0.16257456640596712,0.09557036734590078
2018-09-24,7920371673946165304,0.005005826924615819,0.165587867664808,0.11860695126940375
2018-09-25,7920371673946165304,0.002213081124471633,0.170738305483139,0.09774105592545507
2018-09-26,7920371673946165304,0.08305306430117163,0.25543925534675455,0.1501509365244642
2018-09-27,7920371673946165304,-0.04048312668392823,0.21372110504622588,0.19312185383868766
2018-09-28,7920371673946165304,-0.04532447407564452,0.16710738920269388,0.12584700752767755
2018-09-29,7920371673946165304,-0.030969486022975085,0.1286887175030777,0.071084879070142
2018-09-30,7920371673946165304,0.045548637192739605,0.18330106648441838,0.251965098839494
2018-10-01,7920371673946165304,0.04775095651294767,0.23275354841045695,0.15319962625001288
2018-10-02,7920371673946165304,-0.03188407483179456,0.1980159565319719,0.11952651691371075
2018-10-03,7920371673946165304,0.13457693825319364,0.33891506445072056,0.27188124224339605
2018-10-04,7920371673946165304,-0.06590288682766515,0.26773535752649236,0.12359838709058905
2018-10-05,7920371673946165304,-0.02898471476586517,0.24148511613802592,0.34945170939455045
2018-10-06,7920371673946165304,-0.0538689188215877,0.18534287345813116,0.10567505639652779
2018-10-07,7920371673946165304,0.12509294192003986,0.3160871646208994,0.3657868978206125
2018-10-08,7920371673946165304,0.052316372230668096,0.36712130675646315,0.7217348292482475
2018-10-09,7920371673946165304,-0.05723602244438458,0.3074275419714196,0.22777564566127692
2018-10-10,7920371673946165304,-0.09819025780593235,0.20949341235788255,0.18209068644418605
2018-10-11,7920371673946165304,-0.05942386104937564,0.14898741310015207,0.24486498690421865
2018-10-12,7920371673946165304,0.03491306198195343,0.18516720677336038,0.23355798009102158
2018-10-13,7920371673946165304,0.011588883477452933,0.1964448570678543,0.20214913306674195
2018-10-14,7920371673946165304,0.00854482321918179,0.20501047022473265,0.22640131773209363
2018-10-15,7920371673946165304,-0.004978930641636042,0.1996172295543969,0.19363288903008063
2018-10-16,7920371673946165304,-0.10190095753564818,0.09546847843797523,0.2559045050416286
2018-10-17,7920371673946165304,0.012605298042821081,0.10668266996765395,0.04791689078277795
2018-10-18,7920371673946165304,0.010627076018275255,0.11847609952446472,0.1814994488005104
2018-10-19,7920371673946165304,0.08715165796208386,0.20935461398966856,0.7562830258006168
2018-10-20,7920371673946165304,0.0008581962962641854,0.20190334805802979,0.3104568179299886
2018-10-21,7920371673946165304,-0.053756067975044286,0.1359607336398967,0.10727451379502362
2018-10-22,7920371673946165304,0.009161989656194747,0.16351541567093925,0.3098605849778662
2018-10-23,7920371673946165304,0.03800480164061237,0.20482754302749415,0.5381171299924576
2018-10-24,7920371673946165304,-0.08678471170187747,0.11370962023559514,0.10110499250300072
2018-10-25,7920371673946165304,0.045158966082857424,0.15973749758611533,0.26037666845825
2018-10-26,7920371673946165304,-0.06360199168415308,0.09094225610712821,0.1725379915913317
2018-10-27,7920371673946165304,0.09097998059222144,0.1816525529847684,0.1422079041320586
2018-10-28,7920371673946165304,-0.04582848524198732,0.1336175682525889,0.09088817391504424
2018-10-29,7920371673946165304,0.06764855350243332,0.20567890883361092,0.3778621982102062
2018-10-30,7920371673946165304,-0.05937394372027249,0.14904521432278467,0.10651936443933768
2018-10-31,7920371673946165304,0.0024776832843460272,0.15104770137832815,0.08808301809068614
2018-11-01,7920371673946165304,-0.032681476807184626,0.1168121220761822,0.1214766298278647
2018-11-02,7920371673946165304,0.1659711452990193,0.28491146700823133,0.3124899841542761
2018-11-03,7920371673946165304,-0.07384550153043881,0.209300395877085,0.24218216567914297
2018-11-04,7920371673946165304,0.01078890623850437,0.22395559885461172,0.22459421444384858
2018-11-05,7920371673946165304,-0.06741131660324742,0.15134755111400777,0.19163687225876141
2018-11-06,7920371673946165304,0.07440226857517446,0.2282932364460376,0.2701884507863221
2018-11-07,7920371673946165304,-0.11985820450748791,0.10840020548193208,0.1197063732466215
2018-11-08,7920371673946165304,0.1341879089022813,0.25208310703164605,0.2083148448053535
2018-11-09,7920371673946165304,-0.07544274910191179,0.16118101947401453,0.1863772791977797
2018-11-10,7920371673946165304,-0.019597796818419028,0.14387393789074757,0.17170889653333668
2018-11-11,7920371673946165304,0.13336595553245517,0.33419120531296015,0.6624074429894025
2018-11-12,7920371673946165304,-0.08948581761219951,0.1917886998515461,0.12454460699436025
2018-11-13,7920371673946165304,-0.0265535590068329,0.16343951031332224,0.13658661794205806
2018-11-14,7920371673946165304,0.06089344795192414,0.2266891346525213,0.17627972990619517
2018-11-15,7920371673946165304,-0.059851404166157696,0.19156748995220507,0.1617930957369533
2018-11-16,7920371673946165304,0.0035413000447141463,0.16134735121418398,0.0782138023298926
2018-11-17,7920371673946165304,0.10948906622901555,0.2662583618473459,0.14078145343898227
2018-11-18,7920371673946165304,0.036270991051428114,0.3116269469488498,0.3471014167703908
2018-11-19,7920371673946165304,-0.06893913079079073,0.23762780387790572,0.15177750230137393
2018-11-20,7920371673946165304,-0.04769045838852115,0.19902743078185725,0.17155797766905384
2018-11-21,7920371673946165304,-0.01843732381967897,0.17920453448234244,0.1746620320632198
2018-11-22,7920371673946165304,-0.04124227817917972,0.1380723169671953,0.19259769965541454
2018-11-23,7920371673946165304,0.007822523498621753,0.1429271482064837,0.08323111031679539
2018-11-24,7920371673946165304,0.03515312097507081,0.1819033706881985,0.17007265549991532
2018-11-25,7920371673946165304,0.01667333410355379,0.19843819776353586,0.1173343964426138
2018-11-26,7920371673946165304,-0.0801935426574472,0.12981070241026385,0.09292295478448624
2018-11-27,7920371673946165304,0.089331482807631,0.4197226823689864,0.1834124627193571
2018-11-28,7920371673946165304,0.05522783521255442,0.2618533995039467,0.1933855077322329
2018-11-29,7920371673946165304,0.007405668136991339,0.26032463731382915,0.22738688199709
2018-11-30,7920371673946165304,-0.06936834412643023,0.2010554710695923,0.11195075322187303
2018-12-01,7920371673946165304,0.04610113407202204,0.24765193140946726,0.21618661836590242
2018-12-02,7920371673946165304,0.1254125296593433,0.37653913435078573,0.28834109893556537
2018-12-03,7920371673946165304,-0.07381901663141405,0.3009383410879378,0.2798421240334078
2018-12-04,7920371673946165304,-0.07904316502096356,0.22201751348758056,0.3522583537199103
2018-12-05,7920371673946165304,0.07224646032492191,0.29563694118570016,0.2245957407880962
2018-12-06,7920371673946165304,-0.11079733302743919,0.17737347095493278,0.20735531669347315
2018-12-07,7920371673946165304,0.11788485326896961,0.3010613926304101,0.19687985213483336
2018-12-08,7920371673946165304,-0.1634638588252694,0.13424234949429117,0.10824150964074347
2018-12-09,7920371673946165304,0.10052697626424831,0.23508077838728367,0.19610242572178171
2018-12-10,7920371673946165304,-0.006112211160948733,0.22932092898351317,0.2739355628420903
2018-12-11,7920371673946165304,0.01954452259624284,0.24805738859922272,0.20074841578081515
2018-12-12,7920371673946165304,0.08321680334295206,0.328452100230526,0.22534868262111
2018-12-13,7920371673946165304,-0.08497477862565472,0.2452520020155937,0.18174464780451652
2018-12-14,7920371673946165304,-0.04267390257035822,0.2020890097339899,0.19796741656169792
2018-12-15,7920371673946165304,0.08301696947295742,0.2864830379341975,0.28294998798098514
2018-12-16,7920371673946165304,0.011208633060140916,0.2982789190926208,0.20562695258533956
2018-12-17,7920371673946165304,-0.0930310093491282,0.20384709096724357,0.1374140983548986
2018-12-18,7920371673946165304,-0.011528566361966641,0.18890014739783234,0.19135517975138097
2018-12-19,7920371673946165304,-0.02627222997534709,0.1664794963127912,0.10520238164196899
2018-12-20,7920371673946165304,0.09120866070514272,0.257943472101528,0.24287617296401823
2018-12-21,7920371673946165304,-0.005287633161489502,0.25161126801361433,0.13833211242612747
2018-12-22,7920371673946165304,-0.0744477676406006,0.17866291911072488,0.15940323169209364
2018-12-23,7920371673946165304,0.09709696380704849,0.2754764782026215,0.16963424149722817
2018-12-24,7920371673946165304,-0.05152412901007414,0.22330469862649963,0.10410409496212547
2018-12-25,7920371673946165304,-0.06571337046726256,0.15582530716682358,0.13888107916423545
2018-12-26,7920371673946165304,0.05948135607093041,0.21772626774205228,0.24744385273305938
2018-12-27,7920371673946165304,-0.0043176638446440485,0.21551416874864218,0.25546144893412226
2018-12-28,7920371673946165304,0.0822413955302212,0.2999513828541772,0.21975453003835388
2018-12-29,7920371673946165304,-0.0380440312145639,0.26114771540903275,0.23962905848628227
2018-12-30,7920371673946165304,0.16358825310559094,0.42881925585970504,0.4125482703214698
2018-12-31,7920371673946165304,-0.01596325248645808,0.4103061748678398,0.24492636864891942
2019-01-01,7920371673946165304,-0.09597278310082108,0.3115039896987472,0.470853359138054
2019-01-02,7920371673946165304,-0.10570110036486627,0.2013924719989379,0.11543294994256909
2019-01-03,7920371673946165304,0.12646074420443518,0.3317888243174741,0.1863534631817511
2019-01-04,7920371673946165304,-0.2066702485593375,0.13325699423081566,0.08903863573383301
2019-01-05,7920371673946165304,0.11472361440494816,0.3749697321493229,0.4381658266811635
2019-01-06,7920371673946165304,0.21567504017863673,0.4638635808168586,0.1831707074507195
2019-01-07,7920371673946165304,-0.004247391237446052,0.4550933532177083,0.26273107338178747
2019-01-08,7920371673946165304,-0.08138969087276737,0.3741769219047964,0.258846085767125
2019-01-09,7920371673946165304,-0.07770434062236042,0.2901756214244333,0.16004260594443723
2019-01-10,7920371673946165304,0.388349160453384,0.6902339129673885,1.0
2019-01-11,7920371673946165304,-0.44193795971231364,0.23620785508243416,0.1649985574154698
2019-01-12,7920371673946165304,0.030642444006406477,0.26856909065947326,0.26446975608161144
2019-01-13,7920371673946165304,0.03625632932727085,0.31314354542327466,0.18218941947249948
2019-01-14,7920371673946165304,0.011928349289463402,0.3166229338655949,0.20321024506478663
2019-01-15,7920371673946165304,-0.02141496202457116,0.2945470156842156,0.11507215243703439
2019-01-16,7920371673946165304,-0.010902555169920558,0.284456129154899,0.14410335878485034
2019-01-17,7920371673946165304,0.1934730512820213,0.483782372456369,0.8994528547834569
2019-01-18,7920371673946165304,-0.08936334860878747,0.3936149167511526,0.12615353781872338
2019-01-19,7920371673946165304,0.1976863470172746,0.5951134676660149,0.4023973998965416
2019-01-20,7920371673946165304,0.1314083602994145,0.7314136538368696,0.3846332883520104
2019-01-21,7920371673946165304,-0.284453130606392,0.4371635648248727,0.2057372025747939
2019-01-22,7920371673946165304,0.025554891545284675,0.45545524733265746,0.3436922322852739
2019-01-23,7920371673946165304,-0.053172001491052945,0.4065260880585126,0.19352186956129486
2019-01-24,7920371673946165304,0.029750473087434448,0.41552733196345376,0.20269605626957632
2019-01-25,7920371673946165304,0.023357130359298317,0.4587070139944963,0.27871449622364775
2019-01-26,7920371673946165304,-0.03243072183123652,0.42636020515002293,0.1787544258937414
2019-01-27,7920371673946165304,0.0899532732002985,0.5175228225251648,0.24573032317728258
2019-01-28,7920371673946165304,-0.04072090660993477,0.47326509583122117,0.3175776175063057
2019-01-29,7920371673946165304,-0.03127581897124754,0.44603572247568013,0.41220919483902896
2019-01-30,7920371673946165304,0.027633968460245295,0.4715148408646535,0.7564940271248276
2019-01-31,7920371673946165304,-0.16223560620609884,0.30872349630072177,0.14508870860478715
2019-02-01,7920371673946165304,0.12414679996186961,0.43177598169671955,0.3523199751385012
2019-02-02,7920371673946165304,0.03807851341767443,0.4758752029171796,0.9583212655427257
2019-02-03,7920371673946165304,-0.1150680497351354,0.3512540696586767,0.3521871327312994
2019-02-04,7920371673946165304,0.036417591837642094,0.377206252866488,0.3020647880404848
2019-02-05,7920371673946165304,-0.09252480139246555,0.29122537837642115,0.19231410237132843
2019-02-06,7920371673946165304,0.07601181652690281,0.3781471964238299,0.4011092914957245
2019-02-07,7920371673946165304,0.21409512009934956,0.5861284420486639,0.44803293583460707
2019-02-08,7920371673946165304,0.05513761048353749,0.6488068432121563,0.6352776579128007
2019-02-09,7920371673946165304,-0.007391467162863652,0.6404192540492916,0.48906248202445823
2019-02-10,7920371673946165304,-0.1598666352457087,0.4792892467472904,0.4052217296321092
2019-02-11,7920371673946165304,-0.0662253624823329,0.40439328894802906,0.4035639053341619
2019-02-12,7920371673946165304,0.029567530642633233,0.44980619146329687,0.22715424695069217
2019-02-13,7920371673946165304,0.010761253009047345,0.4594903950020518,0.2534309695802871
2019-02-14,7920371673946165304,0.3357352012973273,0.8000435064993845,0.4697838080961941
2019-02-15,7920371673946165304,0.05813585079689765,0.8849489765129022,0.44880281882732764
2019-02-16,7920371673946165304,0.14811653039628003,1.0,0.4488235064683694
2019-02-17,7920371673946165304,-0.03523010736841481,0.9567366806370242,0.5525132809609722
2019-02-18,7920371673946165304,-0.0667117005939677,0.9052051462512372,0.3366368889097896
2019-02-19,7920371673946165304,-0.023118173875180448,0.866709909147416,0.3301165733435406
2019-02-20,7920371673946165304,-0.3261942200587229,0.5464818008183069,0.2622850024290318
2019-02-21,7920371673946165304,-0.048006006337386276,0.5051574154536896,0.3425127087710956
2019-02-22,7920371673946165304,0.03096900881758724,0.5332550329495257,0.6142530227671021
2019-02-23,7920371673946165304,-0.18603193830346476,0.3434613710563159,0.2839951679725446
2019-02-24,7920371673946165304,0.12520137450290625,0.46904089196055715,0.7447806973813886
2019-02-25,7920371673946165304,-0.04849982340932346,0.42079110921017693,0.15081410156400585
2019-02-26,7920371673946165304,0.16738752380082444,0.5963737794795665,0.5069923974432902
2019-02-27,7920371673946165304,-0.09545406084424646,0.4848533451915418,0.3893559488270511
2019-02-28,7920371673946165304,-0.05999259936720264,0.42454319118570016,0.3295091009474132
2019-03-01,7920371673946165304,-0.029371794156830666,0.39839450267941195,0.20720043690279574
2019-03-02,7920371673946165304,-0.11692049522927078,0.27071810805754704,0.2006885477659467
2019-03-03,7920371673946165304,-0.008868179235513307,0.26399298766504936,0.23485783251245446
2019-03-04,7920371673946165304,0.16300074745173554,0.4342613399775509,0.2317408861858832
2019-03-05,7920371673946165304,-0.06906415037472385,0.3587173107212687,0.1740712737673244
2019-03-06,7920371673946165304,0.039391881377140336,0.4112245825488208,0.32277411326211
2019-03-07,7920371673946165304,0.02560349244573179,0.4213316873657277,0.25436774128702155
2019-03-08,7920371673946165304,-0.20549539357752966,0.2170960175429068,0.2012786501122481
2019-03-09,7920371673946165304,0.03850825332477631,0.26192713613706037,0.23485075582548834
2019-03-10,7920371673946165304,0.03475785504340029,0.30282183117290656,0.31814881084411833
2019-03-11,7920371673946165304,0.10148728628582965,0.39019106651459196,0.28517634397512315
2019-03-12,7920371673946165304,-0.09163750379522267,0.313551642799382,0.2073472182388702
2019-03-13,7920371673946165304,0.004720672022348216,0.3130922503741521,0.19210013665952927
2019-03-14,7920371673946165304,0.09708694249390398,0.40081847662756176,0.5854552209450155
2019-03-15,7920371673946165304,-0.09307887798613534,0.310623110380911,0.2258713230745508
2019-03-16,7920371673946165304,0.04904966274825645,0.3691448210104521,0.3370961671553323
2019-03-17,7920371673946165304,0.07776883739882978,0.4518134874296956,0.37611733444690026
2019-03-18,7920371673946165304,-0.03118171900537431,0.4129821923202259,0.23438910606987498
2019-03-19,7920371673946165304,-0.15427040652419405,0.2613934413244985,0.29275083361101867
2019-03-20,7920371673946165304,-0.061511873223839525,0.1992883377688464,0.21410444513829335
2019-03-21,7920371673946165304,0.07808459926735153,0.2715949328034856,0.32213198906723767
2019-03-22,7920371673946165304,-0.04463859006278362,0.23234639395804668,0.1371751434864508
2019-03-23,7920371673946165304,0.07537758588343527,0.3085341572223429,0.29659715804288056
2019-03-24,7920371673946165304,-0.02264381526431608,0.30622984029135586,0.21982529690801508
2019-03-25,7920371673946165304,-0.150470675078931,0.13326934653124772,0.09509588872995847
2019-03-26,7920371673946165304,0.015384509310844813,0.14608405674439376,0.09523682959176322
2019-03-27,7920371673946165304,0.09970107360845387,0.2453609097026094,0.161180287443167
2019-03-28,7920371673946165304,-0.06279441206971562,0.17916163145412412,0.1441180419642239
2019-03-29,7920371673946165304,0.008485970630575407,0.18667013285417722,0.38101211861829165
2019-03-30,7920371673946165304,-0.019226925955281665,0.1623103591860381,0.12240468497364798
2019-03-31,7920371673946165304,0.14394578821733492,0.3137990659775026,0.25950952832380253
2019-04-01,7920371673946165304,-0.12450854632888445,0.19180736974074877,0.2504237686665594
2019-04-02,7920371673946165304,0.0974371289717825,0.28912058409974173,0.22608137831761643
2019-04-03,7920371673946165304,0.04275225475843292,0.3326177485395998,0.3766725200917361
2019-04-04,7920371673946165304,0.14251627833968533,0.4775710511864243,0.38785078418269386
2019-04-05,7920371673946165304,-0.1913089330758772,0.28676864952205083,0.30509532562246083
2019-04-06,7920371673946165304,-0.11422414491746888,0.15989006264030706,0.1521121122808094
2019-04-07,7920371673946165304,0.06059930019639964,0.23426590372824485,0.29680533373807105
2019-04-08,7920371673946165304,0.05692293457157052,0.28759889383735243,0.23402451162534418
2019-04-09,7920371673946165304,0.06507794681032542,0.35493241500108624,0.32051308024039643
2019-04-10,7920371673946165304,-0.0756118114520703,0.27030095861394743,0.3000789006446269
2019-04-11,7920371673946165304,-0.021481655591360393,0.25630372779226107,0.12271882175710126
2019-04-12,7920371673946165304,0.19171156278034274,0.45523064290800686,0.19060579518347315
2019-04-13,7920371673946165304,-0.17205483932420546,0.28034818777608805,0.12213496354635818
2019-04-14,7920371673946165304,0.0790793338982897,0.36215049590243076,0.3168478735829723
2019-04-15,7920371673946165304,-0.03859482496427258,0.31632468710020034,0.1790326368225075
2019-04-16,7920371673946165304,-0.10457079826538801,0.21064038474304198,0.1501077699954124
2019-04-17,7920371673946165304,0.12418616117868675,0.33631778112704275,0.20327951081903078
2019-04-18,7920371673946165304,-0.0047243497949061575,0.33665506493349745,0.32849878719965836
2019-04-19,7920371673946165304,0.11311711069448704,0.4501100957708741,0.4318853237636006
2019-04-20,7920371673946165304,0.16644726463321108,0.6274747032430541,0.38940750394225704
2019-04-21,7920371673946165304,-0.37296166449502555,0.2425166746626596,0.17668509414087658
2019-04-22,7920371673946165304,-0.018963080741884547,0.22037522328433148,0.3977703819180733
2019-04-23,7920371673946165304,0.06237307262297537,0.287229267748087,0.16590022320450953
2019-04-24,7920371673946165304,0.28580923313110634,0.5821671253047529,0.49139247805444947
2019-04-25,7920371673946165304,-0.1573424491190863,0.41521748723658486,0.18562510684409733
2019-04-26,7920371673946165304,-0.03828560410063575,0.37419615754821733,0.26563568125612935
2019-04-27,7920371673946165304,-0.041275986980454815,0.3332430012431506,0.22937567070845988
2019-04-28,7920371673946165304,-0.09207577580555187,0.23552300960122624,0.187430179211484
2019-04-29,7920371673946165304,0.06729115957766268,0.30453125754338956,0.30595648652407065
2019-04-30,7920371673946165304,0.09151010641202945,0.40536704625003017,0.23574036223353056
2019-05-01,7920371673946165304,-0.09746114556707708,0.3054916253288918,0.22827581984112294
2019-05-02,7920371673946165304,-0.07544843442817029,0.22383245301976973,0.16705015330046588
2019-05-03,7920371673946165304,0.032024825738168006,0.24718754148864266,0.2164808622164759
2019-05-04,7920371673946165304,-0.005285049670251896,0.25125399422478095,0.25815048906592575
2019-05-05,7920371673946165304,0.14265487359413442,0.39745431346102783,0.4576150348894543
2019-05-06,7920371673946165304,-0.1379932022586164,0.2567310608117894,0.49477011388697767
2019-05-07,7920371673946165304,0.023691898166542324,0.27890391154923116,0.18239022834917268
2019-05-08,7920371673946165304,0.0014973224087965753,0.2842517975897362,0.12904839475006202
2019-05-09,7920371673946165304,0.06933390306171522,0.34820031697323,0.22029659669130952
2019-05-10,7920371673946165304,-0.02059629149870612,0.3317814695126367,0.3261942849029265
2019-05-11,7920371673946165304,-0.1047643955546245,0.22476198720037657,0.22219885051393146
2019-05-12,7920371673946165304,-0.06598187254703061,0.15769927372245154,0.08175276391930084
2019-05-13,7920371673946165304,0.0772074381707605,0.23525691653390302,0.22826383614661705
2019-05-14,7920371673946165304,0.07366640963945667,0.3129189409986241,0.33447953376717504
2019-05-15,7920371673946165304,0.03400747425406997,0.3469992207678567,0.21932793574277412
2019-05-16,7920371673946165304,-0.06591389546230164,0.27989096407536146,0.24224974110174102
2019-05-17,7920371673946165304,-0.0014287117927769266,0.2748428334781664,0.21186184177728837
2019-05-18,7920371673946165304,0.041005452663948894,0.3042584697178169,0.18381751159365678
2019-05-19,7920371673946165304,-0.052302919975338646,0.2586286947522147,0.15620243734722683
2019-05-20,7920371673946165304,0.09035088402051261,0.35554314667970166,0.16404466794721484
2019-05-21,7920371673946165304,-0.0392399737379065,0.3073502222282569,0.17018647536889092
2019-05-22,7920371673946165304,-0.02445983682307329,0.28895151788085066,0.3026717684744167
2019-05-23,7920371673946165304,-0.06997776831740948,0.2231272403867043,0.24341383718604487
2019-05-24,7920371673946165304,0.0991371896212962,0.3209039960351944,0.19868419286613442
2019-05-25,7920371673946165304,0.02343352435974716,0.3483131849397736,0.298645070518618
2019-05-26,7920371673946165304,0.07527735629663207,0.42839022557752193,0.3182538006224053
2019-05-27,7920371673946165304,-0.2582067026327043,0.1629283513771212,0.11729891209246104
2019-05-28,7920371673946165304,0.022431327223864733,0.18588731760084004,0.1340096064322619
2019-05-29,7920371673946165304,0.012630565245338954,0.19628399428512805,0.13771090293177177
2019-05-30,7920371673946165304,0.031995173182689574,0.23246086489487533,0.16415966095681045
2019-05-31,7920371673946165304,-0.0494019555119847,0.1822982671325464,0.19696991905985672
2019-06-01,7920371673946165304,0.30466616858491435,0.4978502282629686,0.39173298401158185
2019-06-02,7920371673946165304,-0.035764042603646407,0.4552809007410626,0.3966167305696125
2019-06-03,7920371673946165304,0.002732404001620614,0.45983880530813237,0.23949217946619428
2019-06-04,7920371673946165304,-0.1597471199790938,0.2934787774277645,0.21760285138261054
2019-06-05,7920371673946165304,0.16340359930353682,0.46324464570207835,0.29252565368404504
2019-06-06,7920371673946165304,-0.09030472674075846,0.365339935307891,0.2575708314554674
2019-06-07,7920371673946165304,-0.08654136986479899,0.28079899959567434,0.16380895498349127
2019-06-08,7920371673946165304,0.3259816661968387,0.6138126817956888,0.5271596055542986
2019-06-09,7920371673946165304,-0.24260199594609083,0.3647490050269148,0.3569130729543102
2019-06-10,7920371673946165304,-0.0786911684536829,0.27683985157626667,0.1921814365659404
2019-06-11,7920371673946165304,0.1122854239802849,0.396572019757646,0.26039678845060465
2019-06-12,7920371673946165304,0.010882841650795616,0.41078169128829023,0.1599794329527682
2019-06-13,7920371673946165304,-0.061263397315002244,0.332401347551114,0.20381967269528073
2019-06-14,7920371673946165304,-0.022238552702538328,0.3208000858437734,0.21304863119466183
2019-06-15,7920371673946165304,0.08277133211340987,0.4060888543401646,0.2924675138440685
2019-06-16,7920371673946165304,-0.006357527641011385,0.4051364071137181,0.24004061639886096
2019-06-17,7920371673946165304,0.04117096065673598,0.4496062916395105,0.38346478983677756
2019-06-18,7920371673946165304,-0.030072150657229457,0.4186669849977068,0.23499587205874725
2019-06-19,7920371673946165304,-0.20640712738170125,0.2072933827877954,0.19064569457897018
2019-06-20,7920371673946165304,0.10466384508833643,0.309773441837449,0.18268647789177397
2019-06-21,7920371673946165304,0.030639547863363037,0.3393922781338258,0.23914115813249334
2019-06-22,7920371673946165304,-0.10477826742158802,0.23267292843435441,0.1210306471760159
2019-06-23,7920371673946165304,0.04906639784754696,0.28323692881454127,0.14580407209471347
2019-06-24,7920371673946165304,-0.014077822226808479,0.2687800226905159,0.22499783788922284
2019-06-25,7920371673946165304,-0.06352257812547438,0.20617149217297898,0.09811677628425343
2019-06-26,7920371673946165304,0.06574800899627595,0.27933973088203345,0.33158733847745825
2019-06-27,7920371673946165304,-0.060751898960677925,0.21272858356265237,0.1574152124600552
2019-06-28,7920371673946165304,0.016493230208042303,0.22880788419991793,0.14563636344370712
2019-06-29,7920371673946165304,-0.015119915378649568,0.21328820877688465,0.12915865735393164
2019-06-30,7920371673946165304,0.015382147966942983,0.22759943318970718,0.18432989652748358
2019-07-01,7920371673946165304,0.1689674027417161,0.40527860000724164,0.357476874244775
2019-07-02,7920371673946165304,0.10331148615761282,0.5082592572476887,0.2925185769970789
2019-07-03,7920371673946165304,0.022184965828556336,0.5299166115999228,0.3929385941365372
2019-07-04,7920371673946165304,-0.031114836201965812,0.502349954437927,0.2648911532381002
2019-07-05,7920371673946165304,-0.008158583051484536,0.49227773779781303,0.26956915868308734
2019-07-06,7920371673946165304,0.055749099821971126,0.5496084415055399,0.4686540610646688
2019-07-07,7920371673946165304,-0.022855159657372504,0.527380901193666,0.2856552754796556
2019-07-08,7920371673946165304,-0.14266830939410563,0.37815407976681875,0.22905925071584285
2019-07-09,7920371673946165304,0.22535290531443725,0.6123180534434065,0.2814239717081876
2019-07-10,7920371673946165304,-0.2659378001611604,0.33782485607212687,0.18310909864654387
2019-07-11,7920371673946165304,0.237884220066786,0.5844475862662032,0.28780590713893156
2019-07-12,7920371673946165304,-0.15057986460827466,0.42732528755401067,0.20841177397228342
2019-07-13,7920371673946165304,-0.015216352005387346,0.40837252124218504,0.27688521679335915
2019-07-14,7920371673946165304,0.06890075689546565,0.4811046577413281,0.2661430204238484
2019-07-15,7920371673946165304,-0.09052160013417043,0.39041868829507326,0.23867335254222852
2019-07-16,7920371673946165304,-0.05428735389760542,0.33509990087986097,0.22711157238383586
2019-07-17,7920371673946165304,0.18746675503413424,0.5265326470357496,0.22498630831366662
2019-07-18,7920371673946165304,-0.08522972971794412,0.4392046174596278,0.3160914880145899
2019-07-19,7920371673946165304,-0.005291664724248746,0.4322341483211432,0.1933858735502757
2019-07-20,7920371673946165304,-0.13444374035623452,0.29517679442151257,0.2029673923420206
2019-07-21,7920371673946165304,-0.038417543162692525,0.25459769594708764,0.1418561259334415
2019-07-22,7920371673946165304,-0.004499577829557677,0.24857854252661307,0.12015572394734723
2019-07-23,7920371673946165304,-0.06693377388057117,0.18523868038960098,0.14252901668715584
2019-07-24,7920371673946165304,0.10135422825941523,0.2871462904627417,0.2860619768423555
2019-07-25,7920371673946165304,0.07792088490860832,0.3702892475016294,0.23559739045086744
2019-07-26,7920371673946165304,0.13147113749095185,0.548396124508171,0.5243391232153882
2019-07-27,7920371673946165304,0.009521744924867237,0.515301482879523,0.26452910690545384
2019-07-28,7920371673946165304,-0.1021975571395447,0.4110511788809231,0.3557442464642803
2019-07-29,7920371673946165304,0.16580426328382236,0.5814839770861998,0.39829128158220695
2019-07-30,7920371673946165304,-0.0010192860253742664,0.5753342287336761,0.22560809807112472
2019-07-31,7920371673946165304,0.07930322550197444,0.6594023825041639,0.382151793194634
2019-08-01,7920371673946165304,-0.029585985326855857,0.6285256859958481,0.4819150029598464
2019-08-02,7920371673946165304,-0.11538270086697844,0.5048072135925845,0.3019340900838788
2019-08-03,7920371673946165304,-0.054327068904623965,0.4492791914089845,0.40993674577149664
2019-08-04,7920371673946165304,0.040536927477566875,0.49253062993337676,0.2682604761709659
2019-08-05,7920371673946165304,0.04346765145622761,0.5383453122359814,0.21792277818267247
2019-08-06,7920371673946165304,0.07508490265479062,0.617363732438989,0.3028412431435607
2019-08-07,7920371673946165304,-0.2588503210580255,0.45724359641658824,0.2755425888897478
2019-08-08,7920371673946165304,0.12535734661561582,0.47919721739445287,0.32159885342029276
2019-08-09,7920371673946165304,0.11200929484199063,0.5973121771429261,0.3895054801056543
2019-08-10,7920371673946165304,-0.23285900873020932,0.35665664527361385,0.35319936387017525
2019-08-11,7920371673946165304,0.08982112844626422,0.4464045942259879,0.22780264050995339
2019-08-12,7920371673946165304,0.022833874651539243,0.4692022262051319,0.3200426508517556
2019-08-13,7920371673946165304,0.10593646135321722,0.5780056258599464,0.5359079296030859
2019-08-14,7920371673946165304,0.18138685396901355,0.758648496149854,0.39689537038849776
2019-08-15,7920371673946165304,-0.028763818037373046,0.7350111906184372,0.47905652600214466
2019-08-16,7920371673946165304,-0.43121210217875694,0.2844222781941729,0.12946961530473702
2019-08-17,7920371673946165304,0.05477285278597194,0.3395850117375142,0.3544766617171065
2019-08-18,7920371673946165304,-0.15553946843170346,0.18529601015038502,0.1078092767015383
2019-08-19,7920371673946165304,-0.06532406137526084,0.11796512917300311,0.09869787193805252
2019-08-20,7920371673946165304,0.10518292936279142,0.22444139314336062,0.1424359853745442
2019-08-21,7920371673946165304,0.10144836936368395,0.32957945980278563,0.13686419815006068
2019-08-22,7920371673946165304,-0.10955643446549101,0.21325237767639463,0.08210478179180805
2019-08-23,7920371673946165304,-0.023774438243279294,0.19254549041084318,0.17435883197780508
2019-08-24,7920371673946165304,0.13709085623629857,0.32920266749342214,0.144322357648342
2019-08-25,7920371673946165304,-0.11678949412263151,0.21427837295121538,0.1651223426725082
2019-08-26,7920371673946165304,-0.01221835852240033,0.2005286596000193,0.12173947639883269
2019-08-27,7920371673946165304,-0.02568429648217846,0.17221228380645473,0.17640746347521288
2019-08-28,7920371673946165304,-0.09756177831015614,0.07605179366717359,0.056399038054966155
2019-08-29,7920371673946165304,0.05792420197971451,0.13417370464914186,0.07207821381494431
2019-08-30,7920371673946165304,0.03401803859403513,0.16074180561590268,0.06901627895336279
2019-08-31,7920371673946165304,-0.028739859035832205,0.13403537774277646,0.0861286919618322
2019-09-01,7920371673946165304,-0.026514749044515507,0.11462708499287905,0.1054755594190426
2019-09-02,7920371673946165304,0.03760584148102569,0.14826117326864122,0.12504857811320236
2019-09-03,7920371673946165304,-0.0222779386023928,0.12182527020421464,0.0717012698578648
2019-09-04,7920371673946165304,0.029349653472371035,0.15785466754773456,0.0821694811277247
2019-09-05,7920371673946165304,0.016377557267567344,0.17725541690805513,0.27341621475103484
2019-09-06,7920371673946165304,-0.05898159861468261,0.11773401857484249,0.07373745092740172
2019-09-07,7920371673946165304,0.04698984683007024,0.16476299801457986,0.2504792342504989
2019-09-08,7920371673946165304,-0.10956580579198662,0.05403292236946919,0.05181331967208979
2019-09-09,7920371673946165304,0.029397941721012275,0.08397471003210466,0.0530681764742568
2019-09-10,7920371673946165304,-0.0006393647152262844,0.0819839152304053,0.05896969189946654
2019-09-11,7920371673946165304,-0.01618135180405604,0.0658560540227388,0.08604172818296513
2019-09-12,7920371673946165304,-0.004185617822758975,0.06257524531102904,0.047590782919234034
2019-09-13,7920371673946165304,0.05357709949924863,0.11619497851642649,0.10460100200841674
2019-09-14,7920371673946165304,0.0606071987683362,0.1776752065380066,0.11004318873042268
2019-09-15,7920371673946165304,0.03892821874910676,0.21397182845728632,0.17509701494495372
2019-09-16,7920371673946165304,-0.0319868303160816,0.18810450838221449,0.12237982196115205
2019-09-17,7920371673946165304,-0.046556083587888125,0.13807325989089242,0.10886086481605457
2019-09-18,7920371673946165304,0.0034269353052162055,0.14192812054940016,0.12979555918088245
2019-09-19,7920371673946165304,-0.014657750188212276,0.1484437232964009,0.06203306480438877
2019-09-20,7920371673946165304,0.03242350615666531,0.15914279561035075,0.13381092939176922
2019-09-21,7920371673946165304,-0.05664009164713017,0.09780051732565719,0.08170620411254158
2019-09-22,7920371673946165304,-0.0006578193994488668,0.10131121083472132,0.09437450816394864
2019-09-23,7920371673946165304,0.007554901780517487,0.11021712515388515,0.15288953869386107
2019-09-24,7920371673946165304,0.0020815699017281003,0.11196681436623458,0.04445124417491532
2019-09-25,7920371673946165304,0.04941999058457314,0.15810982270017138,0.10337454025502109
2019-09-26,7920371673946165304,-0.09924802468646,0.06168314520119729,0.05498072365973856
2019-09-27,7920371673946165304,0.033091733570176404,0.10026154817510319,0.06860376234522365
2019-09-28,7920371673946165304,-0.034646732009467954,0.05985113875009052,0.02088803364274644
2019-09-29,7920371673946165304,0.0011981804520579814,0.06664320672508267,0.08859940179415333
2019-09-30,7920371673946165304,0.019871655117281534,0.08057688448958408,0.060015401696467296
2019-10-01,7920371673946165304,0.006731269964154796,0.08961744831269462,0.06997337248309618
2019-10-02,7920371673946165304,-0.018514589954112426,0.06941436517850677,0.05811401826849894
2019-10-03,7920371673946165304,0.007020983000644118,0.07758489330629782,0.10950103377656016
2019-10-04,7920371673946165304,0.0020346968138921506,0.07697623605981606,0.05708026693717355
2019-10-05,7920371673946165304,0.02986742954584906,0.1086421597026094,0.07658512994563288
2019-10-06,7920371673946165304,0.051094668844061594,0.1600633720158351,0.09464642449949533
2019-10-07,7920371673946165304,0.043789682816223974,0.20726141767446352,0.11359540807027904
2019-10-08,7920371673946165304,-0.08920860242026395,0.11595302429574915,0.09353480438271207
2019-10-09,7920371673946165304,-0.08261957257239982,0.031565785146160714,0.04730816955953893
2019-10-10,7920371673946165304,0.019116271899058096,0.05060784633210225,0.05203357997710837
2019-10-11,7920371673946165304,0.020919153854291654,0.0699353305211577,0.050595284348094086
2019-10-12,7920371673946165304,0.005156335858402555,0.07705666745117919,0.07331892985759435
2019-10-13,7920371673946165304,0.07997183138872413,0.15623774199193763,0.13344279029654774
2019-10-14,7920371673946165304,-0.07019690432257412,0.08748719509619331,0.04487081224119004
2019-10-15,7920371673946165304,-0.01424993704591336,0.07278182857798055,0.07706865309732334
2019-10-16,7920371673946165304,0.05665610271065988,0.13176462889540638,0.1085119627041189
2019-10-17,7920371673946165304,-0.017931881037172664,0.11011283779298525,0.06916572193105909
2019-10-18,7920371673946165304,-0.025312537029698254,0.0840748485287373,0.06637673778707634
2019-10-19,7920371673946165304,0.061824418069832895,0.14785760192627997,0.10389358560011012
2019-10-20,7920371673946165304,-0.025773319970046643,0.12072780131315326,0.07455116901318337
2019-10-21,7920371673946165304,-0.04999249717942819,0.07107692824124363,0.07827475518447422
2019-10-22,7920371673946165304,0.01794017453770605,0.09048814405460207,0.09171187000330397
2019-10-23,7920371673946165304,-0.024422540753710364,0.06647706356965265,0.04392653495737034
2019-10-24,7920371673946165304,-0.003398311209625318,0.061172834896323657,0.07152640883340071
2019-10-25,7920371673946165304,-0.002269078708430128,0.058564896534868564,0.05305818585736346
2019-10-26,7920371673946165304,-0.020919803840940596,0.03922157122770174,0.031318780099256274
2019-10-27,7920371673946165304,0.04528126230500833,0.08293372227049992,0.04462467977045397
2019-10-28,7920371673946165304,-0.04793283758714491,0.03538651196683323,0.04170300459225265
2019-10-29,7920371673946165304,0.05082414275523482,0.08679037448403215,0.0905610064406177
2019-10-30,7920371673946165304,-0.010909705023058977,0.07562681795688803,0.07776760523298422
2019-10-31,7920371673946165304,-0.012947799868419665,0.06307857798054409,0.06852507362277328
2019-11-01,7920371673946165304,-0.013306748824540277,0.04751590523692278,0.048345604300122975
2019-11-02,7920371673946165304,0.041083467517180505,0.08926611494315302,0.06957493356239766
2019-11-03,7920371673946165304,0.019034315987537298,0.10766274485842567,0.04283234796248937
2019-11-04,7920371673946165304,-0.0452204021627014,0.06328686982523475,0.050839966161074175
2019-11-05,7920371673946165304,0.03219466149016202,0.09278689773577618,0.0460912569185022
2019-11-06,7920371673946165304,0.04018258602174257,0.13650310335047192,0.11187679490514868
2019-11-07,7920371673946165304,0.050667084588884026,0.1849765476018056,0.06848726822021095
2019-11-08,7920371673946165304,-0.09191411013890478,0.09572005048036304,0.07418127651423946
2019-11-09,7920371673946165304,-0.01884158260460643,0.07565812302363194,0.06811172446322636
2019-11-10,7920371673946165304,0.028351438533173318,0.11074148502184565,0.11987678138249551
2019-11-11,7920371673946165304,-0.044434864500574364,0.0589120810401429,0.043611401635110784
2019-11-12,7920371673946165304,0.021354365167995465,0.08074481920003862,0.04245376413142485
2019-11-13,7920371673946165304,-0.007935942055023126,0.07565453991358292,0.052664199825255026
2019-11-14,7920371673946165304,0.039329202917752215,0.11525865528520048,0.06740674263706672
2019-11-15,7920371673946165304,0.04285766778306947,0.15521664992034181,0.15946274650333456
2019-11-16,7920371673946165304,-0.05554808939386506,0.09959574975257682,0.06362308662026311
2019-11-17,7920371673946165304,0.022823803972320186,0.12311028661863037,0.04093585892764553
2019-11-18,7920371673946165304,-0.07441750623686874,0.049426457231998455,0.030993857990747678
2019-11-19,7920371673946165304,0.03303050318230995,0.08235344702730103,0.049658979374724625
2019-11-20,7920371673946165304,0.040907987577323515,0.12211229617761363,0.09111467835562115
2019-11-21,7920371673946165304,-0.013268802768528432,0.10851693943563377,0.0810447798623071
2019-11-22,7920371673946165304,-0.0009117584872088969,0.1065298220363531,0.05491579726434708
2019-11-23,7920371673946165304,0.011479693948109243,0.11877170610350737,0.13165392745278223
2019-11-24,7920371673946165304,-0.05523811981143015,0.06226832364762112,0.10909487483371678
2019-11-25,7920371673946165304,-0.016788521610961803,0.04648415812754966,0.048300987113315194
2019-11-26,7920371673946165304,0.06905100254352117,0.11750790547227653,0.09389870503440305
2019-11-27,7920371673946165304,0.03631751034906275,0.15359764993241123,0.1183848240309253
2019-11-28,7920371673946165304,-0.08300965506623702,0.07042536796654356,0.052351564157218804
2019-11-29,7920371673946165304,-0.008616823638990898,0.062042304837424865,0.040910138134911275
2019-11-30,7920371673946165304,0.2181723464776376,0.27978667671446156,0.10465427268409931
